timestamp_utc,total_system_power,smooth,cluster
2023-03-13 09:18:00+00:00,0.0,0.0,2
2023-03-13 09:20:00+00:00,0.0,0.0,3
2023-03-13 09:22:00+00:00,0.0,0.0,0
2023-03-13 09:24:00+00:00,0.0,0.0,0
2023-03-13 09:26:00+00:00,0.0,0.0,0
2023-03-13 09:28:00+00:00,0.0,0.0,0
2023-03-13 09:30:00+00:00,0.0,0.0,0
2023-03-13 09:32:00+00:00,0.0,0.0,0
2023-03-13 09:34:00+00:00,0.0,0.0,0
2023-03-13 09:36:00+00:00,0.0,0.0,0
2023-03-13 09:38:00+00:00,0.0,0.0,0
2023-03-13 09:40:00+00:00,0.0,0.0,0
2023-03-13 09:42:00+00:00,0.0,0.0,0
2023-03-13 09:44:00+00:00,0.0,0.0,0
2023-03-13 09:46:00+00:00,0.0,0.0,0
2023-03-13 09:48:00+00:00,0.0,0.0,0
2023-03-13 09:50:00+00:00,0.0,0.0,0
2023-03-13 09:52:00+00:00,0.0,0.0,0
2023-03-13 09:54:00+00:00,0.0,0.0,0
2023-03-13 09:56:00+00:00,0.0,0.0,0
2023-03-13 09:58:00+00:00,0.0,0.0,0
2023-03-13 10:00:00+00:00,0.0,0.0,0
2023-03-13 10:02:00+00:00,0.0,0.0,0
2023-03-13 10:04:00+00:00,0.0,0.0,0
2023-03-13 10:06:00+00:00,0.0,0.0,0
2023-03-13 10:08:00+00:00,0.0,0.0,0
2023-03-13 10:10:00+00:00,0.0,0.0,0
2023-03-13 10:12:00+00:00,0.0,0.0,0
2023-03-13 10:14:00+00:00,0.0,0.0,0
2023-03-13 10:16:00+00:00,0.0,0.0,0
2023-03-13 10:18:00+00:00,0.0,0.0,0
2023-03-13 10:20:00+00:00,0.0,0.0,0
2023-03-13 10:22:00+00:00,0.0,0.0,0
2023-03-13 10:24:00+00:00,0.0,0.0,0
2023-03-13 10:26:00+00:00,0.0,0.0,0
2023-03-13 10:28:00+00:00,0.0,0.0,0
2023-03-13 10:30:00+00:00,0.0,0.0,0
2023-03-13 10:32:00+00:00,0.0,0.0,0
2023-03-13 10:34:00+00:00,0.0,0.0,0
2023-03-13 10:36:00+00:00,0.0,0.0,0
2023-03-13 10:38:00+00:00,0.0,0.0,0
2023-03-13 10:40:00+00:00,0.0,0.0,0
2023-03-13 10:42:00+00:00,0.0,0.0,0
2023-03-13 10:44:00+00:00,0.0,0.0,0
2023-03-13 10:46:00+00:00,0.0,0.0,0
2023-03-13 10:48:00+00:00,0.0,0.0,0
2023-03-13 10:50:00+00:00,0.0,0.0,0
2023-03-13 10:52:00+00:00,0.0,0.0,0
2023-03-13 10:54:00+00:00,0.0,0.0,0
2023-03-13 10:56:00+00:00,0.0,0.0,0
2023-03-13 10:58:00+00:00,0.0,0.0,0
2023-03-13 11:00:00+00:00,0.0,0.0,0
2023-03-13 11:02:00+00:00,0.0,0.0,0
2023-03-13 11:04:00+00:00,0.0,0.0,0
2023-03-13 11:06:00+00:00,0.0,0.0,0
2023-03-13 11:08:00+00:00,0.0,0.0,0
2023-03-13 11:10:00+00:00,0.0,0.0,0
2023-03-13 11:12:00+00:00,0.0,0.0,0
2023-03-13 11:14:00+00:00,0.0,0.0,0
2023-03-13 11:16:00+00:00,0.0,0.0,0
2023-03-13 11:18:00+00:00,0.0,0.0,0
2023-03-13 11:20:00+00:00,0.0,0.0,0
2023-03-13 11:22:00+00:00,0.0,0.0,0
2023-03-13 11:24:00+00:00,0.0,0.0,0
2023-03-13 11:26:00+00:00,0.0,0.0,0
2023-03-13 11:28:00+00:00,0.0,0.0,0
2023-03-13 11:30:00+00:00,0.0,0.0,0
2023-03-13 11:32:00+00:00,0.0,0.0,0
2023-03-13 11:34:00+00:00,0.0,0.0,0
2023-03-13 11:36:00+00:00,0.0,0.0,0
2023-03-13 11:38:00+00:00,0.0,0.0,0
2023-03-13 11:40:00+00:00,0.0,0.0,0
2023-03-13 11:42:00+00:00,0.0,0.0,0
2023-03-13 11:44:00+00:00,0.0,0.0,0
2023-03-13 11:46:00+00:00,0.0,0.0,0
2023-03-13 11:48:00+00:00,0.0,0.0,0
2023-03-13 11:50:00+00:00,0.0,0.0,0
2023-03-13 11:52:00+00:00,0.0,0.0,0
2023-03-13 11:54:00+00:00,0.0,0.0,0
2023-03-13 11:56:00+00:00,0.0,0.0,0
2023-03-13 11:58:00+00:00,0.0,0.0,0
2023-03-13 12:00:00+00:00,0.0,0.0,0
2023-03-13 12:02:00+00:00,0.0,0.0,0
2023-03-13 12:04:00+00:00,0.0,0.0,0
2023-03-13 12:06:00+00:00,0.0,0.0,0
2023-03-13 12:08:00+00:00,0.0,0.0,0
2023-03-13 12:10:00+00:00,0.0,0.0,0
2023-03-13 12:12:00+00:00,0.0,0.0,0
2023-03-13 12:14:00+00:00,0.0,0.0,0
2023-03-13 12:16:00+00:00,0.0,0.0,0
2023-03-13 12:18:00+00:00,0.0,0.0,0
2023-03-13 12:20:00+00:00,0.0,0.0,0
2023-03-13 12:22:00+00:00,0.0,0.0,0
2023-03-13 12:24:00+00:00,0.0,0.0,0
2023-03-13 12:26:00+00:00,0.0,0.0,0
2023-03-13 12:28:00+00:00,0.0,0.0,0
2023-03-13 12:30:00+00:00,0.0,0.0,0
2023-03-13 12:32:00+00:00,0.0,0.0,0
2023-03-13 12:34:00+00:00,0.0,0.0,0
2023-03-13 12:36:00+00:00,0.0,0.0,0
2023-03-13 12:38:00+00:00,0.0,0.0,0
2023-03-13 12:40:00+00:00,0.0,0.0,0
2023-03-13 12:42:00+00:00,0.0,0.0,0
2023-03-13 12:44:00+00:00,0.0,0.0,0
2023-03-13 12:46:00+00:00,0.0,0.0,0
2023-03-13 12:48:00+00:00,0.0,0.0,0
2023-03-13 12:50:00+00:00,0.0,0.0,0
2023-03-13 12:52:00+00:00,0.0,0.0,0
2023-03-13 12:54:00+00:00,0.0,0.0,0
2023-03-13 12:56:00+00:00,0.0,0.0,0
2023-03-13 12:58:00+00:00,0.0,0.0,0
2023-03-13 13:00:00+00:00,0.0,0.0,0
2023-03-13 13:02:00+00:00,0.0,0.0,0
2023-03-13 13:04:00+00:00,0.0,0.0,0
2023-03-13 13:06:00+00:00,0.0,0.0,0
2023-03-13 13:08:00+00:00,0.0,0.0,0
2023-03-13 13:10:00+00:00,0.0,0.0,0
2023-03-13 13:12:00+00:00,0.0,0.0,0
2023-03-13 13:14:00+00:00,0.0,0.0,0
2023-03-13 13:16:00+00:00,0.0,0.0,0
2023-03-13 13:18:00+00:00,0.0,0.0,0
2023-03-13 13:20:00+00:00,0.0,0.0,0
2023-03-13 13:22:00+00:00,0.0,0.0,0
2023-03-13 13:24:00+00:00,0.0,0.0,0
2023-03-13 13:26:00+00:00,0.0,0.0,0
2023-03-13 13:28:00+00:00,0.0,0.0,0
2023-03-13 13:30:00+00:00,0.0,0.0,0
2023-03-13 13:32:00+00:00,0.0,0.0,0
2023-03-13 13:34:00+00:00,0.0,0.0,0
2023-03-13 13:36:00+00:00,0.0,0.0,0
2023-03-13 13:38:00+00:00,0.0,0.0,0
2023-03-13 13:40:00+00:00,0.0,0.0,0
2023-03-13 13:42:00+00:00,0.0,0.0,0
2023-03-13 13:44:00+00:00,0.0,0.0,0
2023-03-13 13:46:00+00:00,0.0,0.0,0
2023-03-13 13:48:00+00:00,0.0,0.0,0
2023-03-13 13:50:00+00:00,0.0,0.0,0
2023-03-13 13:52:00+00:00,0.0,0.0,0
2023-03-13 13:54:00+00:00,0.0,0.0,0
2023-03-13 13:56:00+00:00,0.0,0.0,0
2023-03-13 13:58:00+00:00,0.0,0.0,0
2023-03-13 14:00:00+00:00,0.0,0.0,0
2023-03-13 14:02:00+00:00,0.0,0.0,0
2023-03-13 14:04:00+00:00,0.0,0.0,0
2023-03-13 14:06:00+00:00,0.0,0.0,0
2023-03-13 14:08:00+00:00,0.0,0.0,0
2023-03-13 14:10:00+00:00,0.0,0.0,0
2023-03-13 14:12:00+00:00,0.0,0.0,0
2023-03-13 14:14:00+00:00,0.0,0.0,0
2023-03-13 14:16:00+00:00,0.0,0.0,0
2023-03-13 14:18:00+00:00,0.0,0.0,0
2023-03-13 14:20:00+00:00,0.0,0.0,0
2023-03-13 14:22:00+00:00,0.0,0.0,0
2023-03-13 14:24:00+00:00,0.0,0.0,0
2023-03-13 14:26:00+00:00,0.0,0.0,0
2023-03-13 14:28:00+00:00,0.0,0.0,0
2023-03-13 14:30:00+00:00,0.0,0.0,0
2023-03-13 14:32:00+00:00,0.0,0.0,0
2023-03-13 14:34:00+00:00,0.0,0.0,0
2023-03-13 14:36:00+00:00,0.0,0.0,0
2023-03-13 14:38:00+00:00,0.0,0.0,0
2023-03-13 14:40:00+00:00,0.0,0.0,0
2023-03-13 14:42:00+00:00,0.0,0.0,0
2023-03-13 14:44:00+00:00,0.0,0.0,0
2023-03-13 14:46:00+00:00,0.0,0.0,0
2023-03-13 14:48:00+00:00,0.0,0.0,0
2023-03-13 14:50:00+00:00,0.0,0.0,0
2023-03-13 14:52:00+00:00,0.0,0.0,0
2023-03-13 14:54:00+00:00,0.0,0.0,0
2023-03-13 14:56:00+00:00,0.0,0.0,0
2023-03-13 14:58:00+00:00,0.0,0.0,0
2023-03-13 15:00:00+00:00,0.0,0.0,0
2023-03-13 15:02:00+00:00,0.0,0.0,0
2023-03-13 15:04:00+00:00,0.0,0.0,0
2023-03-13 15:06:00+00:00,0.0,0.0,0
2023-03-13 15:08:00+00:00,0.0,0.0,0
2023-03-13 15:10:00+00:00,0.0,0.0,0
2023-03-13 15:12:00+00:00,0.0,0.0,0
2023-03-13 15:14:00+00:00,0.0,0.0,0
2023-03-13 15:16:00+00:00,0.0,0.0,0
2023-03-13 15:18:00+00:00,0.0,0.0,0
2023-03-13 15:20:00+00:00,0.0,0.0,0
2023-03-13 15:22:00+00:00,0.0,0.0,0
2023-03-13 15:24:00+00:00,0.0,0.0,0
2023-03-13 15:26:00+00:00,0.0,0.0,0
2023-03-13 15:28:00+00:00,0.0,0.0,0
2023-03-13 15:30:00+00:00,0.0,0.0,0
2023-03-13 15:32:00+00:00,0.0,0.0,0
2023-03-13 15:34:00+00:00,0.0,0.0,0
2023-03-13 15:36:00+00:00,0.0,0.0,0
2023-03-13 15:38:00+00:00,0.0,0.0,0
2023-03-13 15:40:00+00:00,0.0,0.0,0
2023-03-13 15:42:00+00:00,0.0,0.0,0
2023-03-13 15:44:00+00:00,0.0,0.0,0
2023-03-13 15:46:00+00:00,0.0,0.0,0
2023-03-13 15:48:00+00:00,0.0,0.0,0
2023-03-13 15:50:00+00:00,0.0,0.0,0
2023-03-13 15:52:00+00:00,0.0,0.0,0
2023-03-13 15:54:00+00:00,0.0,0.0,0
2023-03-13 15:56:00+00:00,0.0,0.0,0
2023-03-13 15:58:00+00:00,0.0,0.0,0
2023-03-13 16:00:00+00:00,0.0,0.0,0
2023-03-13 16:02:00+00:00,0.0,0.0,0
2023-03-13 16:04:00+00:00,0.0,0.0,0
2023-03-13 16:06:00+00:00,0.0,0.0,0
2023-03-13 16:08:00+00:00,0.0,0.0,0
2023-03-13 16:10:00+00:00,0.0,0.0,0
2023-03-13 16:12:00+00:00,0.0,0.0,0
2023-03-13 16:14:00+00:00,0.0,0.0,0
2023-03-13 16:16:00+00:00,0.0,0.0,0
2023-03-13 16:18:00+00:00,0.0,0.0,0
2023-03-13 16:20:00+00:00,0.0,0.0,0
2023-03-13 16:22:00+00:00,0.0,0.0,0
2023-03-13 16:24:00+00:00,0.0,0.0,0
2023-03-13 16:26:00+00:00,0.0,0.0,0
2023-03-13 16:28:00+00:00,0.0,0.0,0
2023-03-13 16:30:00+00:00,0.0,0.0,0
2023-03-13 16:32:00+00:00,0.0,0.0,0
2023-03-13 16:34:00+00:00,0.0,0.0,0
2023-03-13 16:36:00+00:00,0.0,0.0,0
2023-03-13 16:38:00+00:00,0.0,0.0,0
2023-03-13 16:40:00+00:00,0.0,0.0,0
2023-03-13 16:42:00+00:00,0.0,0.0,0
2023-03-13 16:44:00+00:00,0.0,0.0,0
2023-03-13 16:46:00+00:00,0.0,0.0,0
2023-03-13 16:48:00+00:00,0.0,0.0,0
2023-03-13 16:50:00+00:00,0.0,0.0,0
2023-03-13 16:52:00+00:00,0.0,0.0,0
2023-03-13 16:54:00+00:00,0.0,0.0,0
2023-03-13 16:56:00+00:00,0.0,0.0,0
2023-03-13 16:58:00+00:00,0.0,0.0,0
2023-03-13 17:00:00+00:00,0.0,0.0,0
2023-03-13 17:02:00+00:00,0.0,0.0,0
2023-03-13 17:04:00+00:00,0.0,0.0,0
2023-03-13 17:06:00+00:00,0.0,0.0,0
2023-03-13 17:08:00+00:00,0.0,0.0,0
2023-03-13 17:10:00+00:00,0.0,0.0,0
2023-03-13 17:12:00+00:00,0.0,0.0,0
2023-03-13 17:14:00+00:00,0.0,0.0,0
2023-03-13 17:16:00+00:00,0.0,0.0,0
2023-03-13 17:18:00+00:00,0.0,0.0,0
2023-03-13 17:20:00+00:00,0.0,0.0,0
2023-03-13 17:22:00+00:00,0.0,0.0,0
2023-03-13 17:24:00+00:00,0.0,0.0,0
2023-03-13 17:26:00+00:00,0.0,0.0,0
2023-03-13 17:28:00+00:00,0.0,0.0,0
2023-03-13 17:30:00+00:00,0.0,0.0,0
2023-03-13 17:32:00+00:00,0.0,0.0,0
2023-03-13 17:34:00+00:00,0.0,0.0,0
2023-03-13 17:36:00+00:00,0.0,0.0,0
2023-03-13 17:38:00+00:00,0.0,0.0,0
2023-03-13 17:40:00+00:00,0.0,0.0,0
2023-03-13 17:42:00+00:00,0.0,0.0,0
2023-03-13 17:44:00+00:00,0.0,0.0,0
2023-03-13 17:46:00+00:00,0.0,0.0,0
2023-03-13 17:48:00+00:00,0.0,0.0,0
2023-03-13 17:50:00+00:00,0.0,0.0,0
2023-03-13 17:52:00+00:00,0.0,0.0,0
2023-03-13 17:54:00+00:00,0.0,0.0,0
2023-03-13 17:56:00+00:00,0.0,0.0,0
2023-03-13 17:58:00+00:00,0.0,0.00035467676033060946,0
2023-03-13 18:00:00+00:00,0.0,0.003715919207136894,0
2023-03-13 18:02:00+00:00,0.0,0.028543096861940728,3
2023-03-13 18:04:00+00:00,0.0,0.1713506934159923,3
2023-03-13 18:06:00+00:00,0.0,0.8109975110035704,3
2023-03-13 18:08:00+00:00,0.0,3.041883792472483,3
2023-03-13 18:10:00+00:00,0.0,9.099964099377432,3
2023-03-13 18:12:00+00:00,0.0,21.907728494376986,3
2023-03-13 18:14:00+00:00,0.0,42.98573268574951,2
2023-03-13 18:16:00+00:00,141.03831,69.9811818061923,2
2023-03-13 18:18:00+00:00,139.51253,96.87256578584962,2
2023-03-13 18:20:00+00:00,139.04378,117.6770811875844,2
2023-03-13 18:22:00+00:00,139.42352,130.1187240650163,2
2023-03-13 18:24:00+00:00,138.51367,135.76418324408854,2
2023-03-13 18:26:00+00:00,138.34593,137.52602016509886,2
2023-03-13 18:28:00+00:00,137.68442,137.60102760829437,2
2023-03-13 18:30:00+00:00,137.88272,137.06679545238455,2
2023-03-13 18:32:00+00:00,134.94254,136.35402286498766,2
2023-03-13 18:34:00+00:00,134.20728,135.67631751857817,2
2023-03-13 18:36:00+00:00,135.07314,135.1667794228815,2
2023-03-13 18:38:00+00:00,134.50882,134.87453066519143,2
2023-03-13 18:40:00+00:00,134.56253,134.7775657626904,2
2023-03-13 18:42:00+00:00,134.05244,134.80746079192846,2
2023-03-13 18:44:00+00:00,135.78311,134.81596849618745,2
2023-03-13 18:46:00+00:00,135.66145,134.49267508666085,2
2023-03-13 18:48:00+00:00,135.51503,133.35358290019326,2
2023-03-13 18:50:00+00:00,135.00995,130.96134753081392,2
2023-03-13 18:52:00+00:00,135.14345,127.36106737705734,2
2023-03-13 18:54:00+00:00,98.34564,123.28498777387145,2
2023-03-13 18:56:00+00:00,118.17066,119.66348660835426,2
2023-03-13 18:58:00+00:00,136.64081,116.85523750746556,2
2023-03-13 19:00:00+00:00,84.43971,114.50446913570075,2
2023-03-13 19:02:00+00:00,136.68452,112.05424364293884,2
2023-03-13 19:04:00+00:00,99.02084,109.2380161140975,2
2023-03-13 19:06:00+00:00,104.12253,106.27261746214648,2
2023-03-13 19:08:00+00:00,99.48775,103.71427521676345,2
2023-03-13 19:10:00+00:00,84.89423,101.9666736907477,2
2023-03-13 19:12:00+00:00,137.76158,100.96853876431186,1
2023-03-13 19:14:00+00:00,65.60853,100.51820915416671,1
2023-03-13 19:16:00+00:00,103.43443,100.60327808084033,1
2023-03-13 19:18:00+00:00,117.68613,101.04444097673819,1
2023-03-13 19:20:00+00:00,84.546364,101.15062450948862,1
2023-03-13 19:22:00+00:00,136.08647,100.29034269805852,1
2023-03-13 19:24:00+00:00,64.88593,98.72342838419902,1
2023-03-13 19:26:00+00:00,83.529076,97.40660062414972,1
2023-03-13 19:28:00+00:00,137.20409,96.95961153209525,1
2023-03-13 19:30:00+00:00,64.65603,97.21547051261629,1
2023-03-13 19:32:00+00:00,102.70366,97.6729106339608,1
2023-03-13 19:34:00+00:00,114.824936,97.82555856008962,1
2023-03-13 19:36:00+00:00,82.774086,97.19567935563086,1
2023-03-13 19:38:00+00:00,119.66302,95.71471547207781,1
2023-03-13 19:40:00+00:00,63.77858,94.06537045308633,1
2023-03-13 19:42:00+00:00,82.285065,93.15781566679883,1
2023-03-13 19:44:00+00:00,134.66446,93.29046284111168,1
2023-03-13 19:46:00+00:00,63.845993,94.17429523025736,1
2023-03-13 19:48:00+00:00,82.65242,95.45613732190792,1
2023-03-13 19:50:00+00:00,134.3358,96.62404702287577,1
2023-03-13 19:52:00+00:00,84.11501,96.83086032811975,1
2023-03-13 19:54:00+00:00,104.04564,95.5959272563914,1
2023-03-13 19:56:00+00:00,80.267876,93.46016792941744,1
2023-03-13 19:58:00+00:00,85.082,91.45480034912917,1
2023-03-13 20:00:00+00:00,103.29433,90.1366089049866,1
2023-03-13 20:02:00+00:00,80.68079,89.4265398323662,1
2023-03-13 20:04:00+00:00,83.04085,89.10699764837145,1
2023-03-13 20:06:00+00:00,101.88441,89.10899036539877,1
2023-03-13 20:08:00+00:00,79.6888,89.40653268024458,1
2023-03-13 20:10:00+00:00,82.716415,89.9033808445442,1
2023-03-13 20:12:00+00:00,119.448654,90.53847139185939,1
2023-03-13 20:14:00+00:00,63.835983,91.51031432297502,1
2023-03-13 20:16:00+00:00,82.83965,93.19445610293629,1
2023-03-13 20:18:00+00:00,135.12265,95.61966332252346,1
2023-03-13 20:20:00+00:00,64.50698,98.20212711505866,1
2023-03-13 20:22:00+00:00,122.3425,100.11633441686871,1
2023-03-13 20:24:00+00:00,108.82368,100.73152002077804,1
2023-03-13 20:26:00+00:00,84.4621,99.84487084932867,1
2023-03-13 20:28:00+00:00,122.74515,97.9214657288609,1
2023-03-13 20:30:00+00:00,64.68157,96.07563913691637,1
2023-03-13 20:32:00+00:00,84.2588,95.42697103585496,1
2023-03-13 20:34:00+00:00,135.24353,96.34334295797848,1
2023-03-13 20:36:00+00:00,64.0543,98.44031972289658,1
2023-03-13 20:38:00+00:00,103.57109,101.10490873581361,1
2023-03-13 20:40:00+00:00,136.082,103.69134774726047,1
2023-03-13 20:42:00+00:00,81.45923,105.54984449661443,1
2023-03-13 20:44:00+00:00,118.4893,106.33748845224997,1
2023-03-13 20:46:00+00:00,114.6003,106.18513357209328,1
2023-03-13 20:48:00+00:00,81.82553,105.4365718785834,1
2023-03-13 20:50:00+00:00,132.36049,104.35814785359743,1
2023-03-13 20:52:00+00:00,82.8149,103.0621001461786,1
2023-03-13 20:54:00+00:00,101.819626,101.52279740779692,1
2023-03-13 20:56:00+00:00,116.44948,99.63860945210617,1
2023-03-13 20:58:00+00:00,82.983444,97.4687588519264,1
2023-03-13 21:00:00+00:00,90.71379,95.49439727568614,1
2023-03-13 21:02:00+00:00,97.31625,94.45087123464441,1
2023-03-13 21:04:00+00:00,83.090096,94.75811516792768,1
2023-03-13 21:06:00+00:00,100.71834,96.10440892530895,1
2023-03-13 21:08:00+00:00,113.083206,97.52430037453355,1
2023-03-13 21:10:00+00:00,80.97258,97.91763341906606,1
2023-03-13 21:12:00+00:00,132.00601,96.73180659117286,1
2023-03-13 21:14:00+00:00,63.410164,94.32127614103533,1
2023-03-13 21:16:00+00:00,82.18052,91.56903882311242,1
2023-03-13 21:18:00+00:00,119.136856,89.11473734725043,1
2023-03-13 21:20:00+00:00,63.720905,87.17737010523436,1
2023-03-13 21:22:00+00:00,82.648735,86.03842250443928,1
2023-03-13 21:24:00+00:00,82.68876,86.10178457490962,1
2023-03-13 21:26:00+00:00,96.92387,87.34397815742632,1
2023-03-13 21:28:00+00:00,82.03621,89.14160243657157,1
2023-03-13 21:30:00+00:00,99.659706,90.74827935494126,1
2023-03-13 21:32:00+00:00,96.490944,91.77078213533173,1
2023-03-13 21:34:00+00:00,81.213264,92.2563043929426,1
2023-03-13 21:36:00+00:00,99.56912,92.47435596494752,1
2023-03-13 21:38:00+00:00,96.09092,92.63974810829207,1
2023-03-13 21:40:00+00:00,81.57352,92.7828281979274,1
2023-03-13 21:42:00+00:00,101.433304,92.71734871138125,1
2023-03-13 21:44:00+00:00,98.03622,92.05798030434573,1
2023-03-13 21:46:00+00:00,82.907074,90.4547837521881,1
2023-03-13 21:48:00+00:00,100.343346,87.9709642174737,1
2023-03-13 21:50:00+00:00,63.24189,85.221284311173,1
2023-03-13 21:52:00+00:00,96.22207,83.13528693079353,1
2023-03-13 21:54:00+00:00,63.638744,82.53880458089726,1
2023-03-13 21:56:00+00:00,82.27005,83.74179723998732,1
2023-03-13 21:58:00+00:00,99.876175,86.31089623643933,1
2023-03-13 22:00:00+00:00,82.74696,89.25141029049809,1
2023-03-13 22:02:00+00:00,102.15749,91.53559219750665,1
2023-03-13 22:04:00+00:00,98.19579,92.56177890293218,1
2023-03-13 22:06:00+00:00,83.31314,92.28045458878607,1
2023-03-13 22:08:00+00:00,102.21964,91.05681061607416,1
2023-03-13 22:10:00+00:00,79.26139,89.43616872792975,1
2023-03-13 22:12:00+00:00,83.4198,87.96499106308659,1
2023-03-13 22:14:00+00:00,101.268456,87.14181034771035,1
2023-03-13 22:16:00+00:00,64.005844,87.34566927523987,1
2023-03-13 22:18:00+00:00,82.31587,88.51586849905539,1
2023-03-13 22:20:00+00:00,133.62662,89.93578738079596,1
2023-03-13 22:22:00+00:00,63.93,90.7911534873378,1
2023-03-13 22:24:00+00:00,83.53092,91.00954118583189,1
2023-03-13 22:26:00+00:00,115.907,91.16720316582888,1
2023-03-13 22:28:00+00:00,64.45352,91.64255811342211,1
2023-03-13 22:30:00+00:00,102.717354,92.1620206542396,1
2023-03-13 22:32:00+00:00,115.47038,92.0839001691328,1
2023-03-13 22:34:00+00:00,64.50355,91.04160086415865,1
2023-03-13 22:36:00+00:00,101.83674,89.3585639737015,1
2023-03-13 22:38:00+00:00,79.86181,87.79579324954757,1
2023-03-13 22:40:00+00:00,84.1532,86.94598334950679,1
2023-03-13 22:42:00+00:00,83.2107,86.88298750391557,1
2023-03-13 22:44:00+00:00,98.067024,87.21371625939508,1
2023-03-13 22:46:00+00:00,84.07366,87.42291493017403,1
2023-03-13 22:48:00+00:00,83.855095,87.28814138147861,1
2023-03-13 22:50:00+00:00,97.89191,86.98994592112751,1
2023-03-13 22:52:00+00:00,64.46458,86.77431977868413,1
2023-03-13 22:54:00+00:00,102.26099,86.50864146222428,1
2023-03-13 22:56:00+00:00,99.08168,85.71617862215513,1
2023-03-13 22:58:00+00:00,65.02207,84.21375507710113,1
2023-03-13 23:00:00+00:00,83.76846,82.5726553251006,1
2023-03-13 23:02:00+00:00,83.76451,81.73358729633279,1
2023-03-13 23:04:00+00:00,64.65129,82.2763940575343,1
2023-03-13 23:06:00+00:00,101.92049,84.1749271457037,1
2023-03-13 23:08:00+00:00,82.673225,87.10000496929152,1
2023-03-13 23:10:00+00:00,83.00319,90.73308950917412,1
2023-03-13 23:12:00+00:00,101.228424,94.64881901997275,1
2023-03-13 23:14:00+00:00,116.73521,98.02758882683128,1
2023-03-13 23:16:00+00:00,83.882484,99.88476937162308,1
2023-03-13 23:18:00+00:00,136.40671,99.82933845969157,1
2023-03-13 23:20:00+00:00,65.02234,98.49119400118734,1
2023-03-13 23:22:00+00:00,84.34464,96.93193023536219,1
2023-03-13 23:24:00+00:00,136.30453,95.58276600073819,1
2023-03-13 23:26:00+00:00,65.42103,94.07524222667598,1
2023-03-13 23:28:00+00:00,103.26641,92.12496987049441,1
2023-03-13 23:30:00+00:00,80.54307,90.06305973186748,1
2023-03-13 23:32:00+00:00,84.263535,88.44556211304823,1
2023-03-13 23:34:00+00:00,102.83795,87.69835365895884,1
2023-03-13 23:36:00+00:00,64.19255,88.21323208627022,1
2023-03-13 23:38:00+00:00,82.85361,90.15538811302619,1
2023-03-13 23:40:00+00:00,120.73823,92.87454328472168,1
2023-03-13 23:42:00+00:00,98.06545,95.00698441261058,1
2023-03-13 23:44:00+00:00,82.89496,95.55240717093506,1
2023-03-13 23:46:00+00:00,116.60748,94.62415451947749,1
2023-03-13 23:48:00+00:00,64.90567,93.0557204876071,1
2023-03-13 23:50:00+00:00,103.42942,91.58519260174192,1
2023-03-13 23:52:00+00:00,98.7691,90.5069182534591,1
2023-03-13 23:54:00+00:00,64.93438,89.78963618233004,1
2023-03-13 23:56:00+00:00,103.77888,89.15631697527279,1
2023-03-13 23:58:00+00:00,101.733505,88.06155314666452,1
2023-03-14 00:00:00+00:00,64.49513,85.97839182051993,1
2023-03-14 00:02:00+00:00,102.746315,82.87852195773253,1
2023-03-14 00:04:00+00:00,65.26909,79.3255931811918,1
2023-03-14 00:06:00+00:00,65.210625,76.10972094600868,1
2023-03-14 00:08:00+00:00,83.83929,73.82646877375855,1
2023-03-14 00:10:00+00:00,64.97151,72.7441205711418,1
2023-03-14 00:12:00+00:00,64.34134,72.94169767643484,1
2023-03-14 00:14:00+00:00,83.68682,74.31483729494835,1
2023-03-14 00:16:00+00:00,64.67973,76.30872317159545,1
2023-03-14 00:18:00+00:00,99.212555,77.89677138264413,1
2023-03-14 00:20:00+00:00,83.985176,78.23755011919317,1
2023-03-14 00:22:00+00:00,65.06236,77.5119643741297,1
2023-03-14 00:24:00+00:00,65.44105,76.89670411715451,1
2023-03-14 00:26:00+00:00,84.42918,77.54244974227831,1
2023-03-14 00:28:00+00:00,83.47747,79.69105915726709,1
2023-03-14 00:30:00+00:00,64.71107,82.679491259943,1
2023-03-14 00:32:00+00:00,117.10124,85.41416138114771,1
2023-03-14 00:34:00+00:00,83.26916,86.95256579624693,1
2023-03-14 00:36:00+00:00,83.89012,87.14471244738135,1
2023-03-14 00:38:00+00:00,84.372826,86.76882501920622,1
2023-03-14 00:40:00+00:00,80.4214,86.71869080670965,1
2023-03-14 00:42:00+00:00,84.37835,86.97152854862718,1
2023-03-14 00:44:00+00:00,118.33236,86.5261891150129,1
2023-03-14 00:46:00+00:00,65.64672,84.52296054243124,1
2023-03-14 00:48:00+00:00,84.43102,81.40386378939989,1
2023-03-14 00:50:00+00:00,65.717545,78.8277743948061,1
2023-03-14 00:52:00+00:00,65.096596,78.39480497126847,1
2023-03-14 00:54:00+00:00,84.1029,80.42338229758677,1
2023-03-14 00:56:00+00:00,101.76932,83.88055246071984,1
2023-03-14 00:58:00+00:00,83.67101,87.42956014755218,1
2023-03-14 01:00:00+00:00,83.61598,90.40715937583023,1
2023-03-14 01:02:00+00:00,103.0302,92.76534652706349,1
2023-03-14 01:04:00+00:00,102.77001,94.50267624421942,1
2023-03-14 01:06:00+00:00,84.22403,95.55052976203481,1
2023-03-14 01:08:00+00:00,103.5927,95.98928862707072,1
2023-03-14 01:10:00+00:00,99.74029,96.04297884587432,1
2023-03-14 01:12:00+00:00,84.8858,95.92015967123386,1
2023-03-14 01:14:00+00:00,103.16267,95.73801213941623,1
2023-03-14 01:16:00+00:00,99.20702,95.52723462614335,1
2023-03-14 01:18:00+00:00,83.58755,95.28007690292003,1
2023-03-14 01:20:00+00:00,102.71841,94.95204163270635,1
2023-03-14 01:22:00+00:00,98.47284,94.40309805169292,1
2023-03-14 01:24:00+00:00,83.994675,93.46537241294074,1
2023-03-14 01:26:00+00:00,103.72699,92.13444818715341,1
2023-03-14 01:28:00+00:00,80.39323,90.64539927571815,1
2023-03-14 01:30:00+00:00,84.670654,89.39286596715758,1
2023-03-14 01:32:00+00:00,103.359375,88.85541225768429,1
2023-03-14 01:34:00+00:00,65.9011,89.49899233593256,1
2023-03-14 01:36:00+00:00,84.30357,91.44660712542264,1
2023-03-14 01:38:00+00:00,136.7256,94.13744074345297,1
2023-03-14 01:40:00+00:00,64.80587,96.5488882475557,1
2023-03-14 01:42:00+00:00,102.77528,97.77343460444986,1
2023-03-14 01:44:00+00:00,135.80023,97.343924470083,1
2023-03-14 01:46:00+00:00,65.22221,95.49673873988068,1
2023-03-14 01:48:00+00:00,84.09552,93.315328211734,1
2023-03-14 01:50:00+00:00,99.34002,91.98889690253097,1
2023-03-14 01:52:00+00:00,84.787575,91.66431169935993,1
2023-03-14 01:54:00+00:00,104.07434,91.41113308446587,1
2023-03-14 01:56:00+00:00,99.857475,90.42849487991971,1
2023-03-14 01:58:00+00:00,65.428665,89.0509712337186,1
2023-03-14 02:00:00+00:00,84.34675,88.42201821744224,1
2023-03-14 02:02:00+00:00,99.11249,89.27324392445747,1
2023-03-14 02:04:00+00:00,84.720695,91.24653019938353,1
2023-03-14 02:06:00+00:00,103.36253,93.37319331638957,1
2023-03-14 02:08:00+00:00,99.789795,94.92718156023861,1
2023-03-14 02:10:00+00:00,85.29556,95.77164531954246,1
2023-03-14 02:12:00+00:00,104.0093,96.12606030225366,1
2023-03-14 02:14:00+00:00,99.80297,96.21337881447712,1
2023-03-14 02:16:00+00:00,85.198654,96.15204588177498,1
2023-03-14 02:18:00+00:00,103.935295,96.01208014817148,1
2023-03-14 02:20:00+00:00,98.61583,95.84465303635065,1
2023-03-14 02:22:00+00:00,84.33385,95.70108492358901,1
2023-03-14 02:24:00+00:00,103.04678,95.62070119580285,1
2023-03-14 02:26:00+00:00,99.35318,95.55403646621356,1
2023-03-14 02:28:00+00:00,84.53082,95.32038797089315,1
2023-03-14 02:30:00+00:00,103.59453,94.60899729024567,1
2023-03-14 02:32:00+00:00,99.49196,93.05553270669387,1
2023-03-14 02:34:00+00:00,84.934525,90.54016678267618,1
2023-03-14 02:36:00+00:00,83.58807,87.48517695418762,1
2023-03-14 02:38:00+00:00,80.30659,84.7213166523317,1
2023-03-14 02:40:00+00:00,83.87431,83.02688904848793,1
2023-03-14 02:42:00+00:00,65.82209,82.77265819170302,1
2023-03-14 02:44:00+00:00,100.616165,83.82931331605756,1
2023-03-14 02:46:00+00:00,84.72596,85.66473990266678,1
2023-03-14 02:48:00+00:00,65.79919,87.47164200559732,1
2023-03-14 02:50:00+00:00,136.19603,88.28926873479608,1
2023-03-14 02:52:00+00:00,65.346245,87.43546239277332,1
2023-03-14 02:54:00+00:00,84.07787,85.18212277204799,1
2023-03-14 02:56:00+00:00,83.849304,82.84589295472954,1
2023-03-14 02:58:00+00:00,64.93702,81.9964166728165,1
2023-03-14 03:00:00+00:00,83.543564,83.4799355707233,1
2023-03-14 03:02:00+00:00,83.63678,86.90020768525929,1
2023-03-14 03:04:00+00:00,117.21343,90.82309500279761,1
2023-03-14 03:06:00+00:00,83.24573,93.63497145131677,1
2023-03-14 03:08:00+00:00,103.499466,94.37106068434343,1
2023-03-14 03:10:00+00:00,99.2115,92.88964972592939,1
2023-03-14 03:12:00+00:00,84.84551,89.668425572692,1
2023-03-14 03:14:00+00:00,84.81128,85.68669324820368,1
2023-03-14 03:16:00+00:00,65.925064,82.20384755374958,1
2023-03-14 03:18:00+00:00,84.82892,80.18953606995184,1
2023-03-14 03:20:00+00:00,65.78444,79.78559425208343,1
2023-03-14 03:22:00+00:00,104.14492,80.37220130669559,1
2023-03-14 03:24:00+00:00,65.72387,81.21877849800376,1
2023-03-14 03:26:00+00:00,85.02432,82.02568392871974,1
2023-03-14 03:28:00+00:00,84.56163,82.82836954412011,1
2023-03-14 03:30:00+00:00,84.928734,83.60330059680015,1
2023-03-14 03:32:00+00:00,85.2371,84.18030408061733,1
2023-03-14 03:34:00+00:00,84.67541,84.42466360029776,1
2023-03-14 03:36:00+00:00,84.120285,84.29790529695583,1
2023-03-14 03:38:00+00:00,84.643005,83.75401144758088,1
2023-03-14 03:40:00+00:00,84.79259,82.7374445590898,1
2023-03-14 03:42:00+00:00,84.80628,81.38404989801269,1
2023-03-14 03:44:00+00:00,65.05578,80.14170757178772,1
2023-03-14 03:46:00+00:00,83.810326,79.51523718203057,1
2023-03-14 03:48:00+00:00,80.252075,79.68459724249279,1
2023-03-14 03:50:00+00:00,84.69699,80.4898801032824,1
2023-03-14 03:52:00+00:00,65.21378,81.69127913606337,1
2023-03-14 03:54:00+00:00,103.56609,83.1033424719258,1
2023-03-14 03:56:00+00:00,84.5066,84.6929902364716,1
2023-03-14 03:58:00+00:00,65.352036,86.72332162600729,1
2023-03-14 04:00:00+00:00,102.82822,89.5233185667032,1
2023-03-14 04:02:00+00:00,100.831314,92.95267666565202,1
2023-03-14 04:04:00+00:00,84.15742,96.30953275039363,1
2023-03-14 04:06:00+00:00,121.53405,98.82429634876453,1
2023-03-14 04:08:00+00:00,98.980286,100.17280517288066,1
2023-03-14 04:10:00+00:00,84.67645,100.59157478402452,1
2023-03-14 04:12:00+00:00,119.083664,100.49776603141196,1
2023-03-14 04:14:00+00:00,84.80154,99.96748183821566,1
2023-03-14 04:16:00+00:00,120.308464,98.74132558913152,1
2023-03-14 04:18:00+00:00,84.857635,96.77987423672988,1
2023-03-14 04:20:00+00:00,84.619835,94.55934110221104,1
2023-03-14 04:22:00+00:00,99.89066,92.65850408871327,1
2023-03-14 04:24:00+00:00,84.91926,91.28167249529646,1
2023-03-14 04:26:00+00:00,104.18152,90.44793171825722,1
2023-03-14 04:28:00+00:00,65.19825,90.37532970343865,1
2023-03-14 04:30:00+00:00,84.661446,91.15983178160319,1
2023-03-14 04:32:00+00:00,137.29285,92.22292709657393,1
2023-03-14 04:34:00+00:00,65.490555,92.72619794950593,1
2023-03-14 04:36:00+00:00,84.00177,92.51522521115473,1
2023-03-14 04:38:00+00:00,117.82912,92.12734726494458,1
2023-03-14 04:40:00+00:00,64.86459,91.99524997685059,1
2023-03-14 04:42:00+00:00,104.40694,92.05340571222473,1
2023-03-14 04:44:00+00:00,99.46272,91.98935227857271,1
2023-03-14 04:46:00+00:00,85.011955,91.68415935699666,1
2023-03-14 04:48:00+00:00,83.942,91.43750498627978,1
2023-03-14 04:50:00+00:00,98.923676,91.69266732257094,1
2023-03-14 04:52:00+00:00,84.52003,92.52757455467284,1
2023-03-14 04:54:00+00:00,102.693115,93.52931304575813,1
2023-03-14 04:56:00+00:00,99.082466,94.1389110773862,1
2023-03-14 04:58:00+00:00,83.46745,94.00709157717915,1
2023-03-14 05:00:00+00:00,102.894844,93.06352591889721,1
2023-03-14 05:02:00+00:00,98.77884,91.47679680289556,1
2023-03-14 05:04:00+00:00,65.26408,89.67651132048437,1
2023-03-14 05:06:00+00:00,101.79777,88.2173681612494,1
2023-03-14 05:08:00+00:00,83.19016,87.4725577156397,1
2023-03-14 05:10:00+00:00,84.13371,87.57621954765209,1
2023-03-14 05:12:00+00:00,83.78531,88.61451328940393,1
2023-03-14 05:14:00+00:00,98.983185,90.63626143567625,1
2023-03-14 05:16:00+00:00,84.03205,93.42242934808489,1
2023-03-14 05:18:00+00:00,102.34104,96.20927909570291,1
2023-03-14 05:20:00+00:00,116.660416,97.44560871578113,1
2023-03-14 05:22:00+00:00,83.00214,94.82668574397083,1
2023-03-14 05:24:00+00:00,136.48386,86.12009891372718,1
2023-03-14 05:26:00+00:00,65.98327,70.88729459628546,2
2023-03-14 05:28:00+00:00,7.273978,51.80489383869285,2
2023-03-14 05:30:00+00:00,7.606576,33.659234210759,2
2023-03-14 05:32:00+00:00,7.727713,20.338993212242624,3
2023-03-14 05:34:00+00:00,7.735349,12.750533644878159,3
2023-03-14 05:36:00+00:00,7.866493,9.399291673736304,3
2023-03-14 05:38:00+00:00,7.9094176,8.268524171286357,3
2023-03-14 05:40:00+00:00,7.953658,7.998681074983465,3
2023-03-14 05:42:00+00:00,7.982626,7.979249366824999,3
2023-03-14 05:44:00+00:00,8.03187,8.013626462033894,3
2023-03-14 05:46:00+00:00,8.083749,8.054594893553977,3
2023-03-14 05:48:00+00:00,8.160907,8.092369447192446,3
2023-03-14 05:50:00+00:00,8.102181,8.123700128132961,3
2023-03-14 05:52:00+00:00,8.210678,8.14643399908914,3
2023-03-14 05:54:00+00:00,8.174337,8.158905971527565,3
2023-03-14 05:56:00+00:00,8.218578,8.160900366262865,3
2023-03-14 05:58:00+00:00,8.104026,8.155322856972118,3
2023-03-14 06:00:00+00:00,8.106659,8.147647046948926,3
2023-03-14 06:02:00+00:00,8.163541,8.142450416935285,3
2023-03-14 06:04:00+00:00,8.13984,8.14077893671725,3
2023-03-14 06:06:00+00:00,8.143263,8.141317882672618,3
2023-03-14 06:08:00+00:00,8.1377325,8.143293181468504,3
2023-03-14 06:10:00+00:00,8.132729,8.147398700236945,3
2023-03-14 06:12:00+00:00,8.1453705,8.15426092443804,3
2023-03-14 06:14:00+00:00,8.190664,8.162881498820095,3
2023-03-14 06:16:00+00:00,8.1896105,8.171212140534239,3
2023-03-14 06:18:00+00:00,8.183291,8.178338075787153,3
2023-03-14 06:20:00+00:00,8.137469,8.185525083086509,3
2023-03-14 06:22:00+00:00,8.229375,8.194717936038474,3
2023-03-14 06:24:00+00:00,8.207518,8.206569993188552,3
2023-03-14 06:26:00+00:00,8.221475,8.220417279965194,3
2023-03-14 06:28:00+00:00,8.239909,8.235424398983097,3
2023-03-14 06:30:00+00:00,8.255182,8.250965731003001,3
2023-03-14 06:32:00+00:00,8.303637,8.266384027397828,3
2023-03-14 06:34:00+00:00,8.257289,8.281079245425417,3
2023-03-14 06:36:00+00:00,8.312063,8.2945639950482,3
2023-03-14 06:38:00+00:00,8.330762,8.306171362858858,3
2023-03-14 06:40:00+00:00,8.331552,8.315350076314258,3
2023-03-14 06:42:00+00:00,8.304954,8.322621031269946,3
2023-03-14 06:44:00+00:00,8.323124,8.329541588721405,3
2023-03-14 06:46:00+00:00,8.351829,8.337244240491428,3
2023-03-14 06:48:00+00:00,8.352092,8.345578165609782,3
2023-03-14 06:50:00+00:00,8.379479,8.354109536983968,3
2023-03-14 06:52:00+00:00,8.3086405,8.36330849116232,3
2023-03-14 06:54:00+00:00,8.410817,8.374053973210387,3
2023-03-14 06:56:00+00:00,8.401337,8.38644242898872,3
2023-03-14 06:58:00+00:00,8.387906,8.39981509941144,3
2023-03-14 07:00:00+00:00,8.414503,8.41345368555566,3
2023-03-14 07:02:00+00:00,8.457165,8.426459270173002,3
2023-03-14 07:04:00+00:00,8.445841,8.437438853623686,3
2023-03-14 07:06:00+00:00,8.454004,8.445148727568014,3
2023-03-14 07:08:00+00:00,8.462694,8.449385600991238,3
2023-03-14 07:10:00+00:00,8.431094,8.451039830715747,3
2023-03-14 07:12:00+00:00,8.482709,8.45160818996561,3
2023-03-14 07:14:00+00:00,8.41898,8.452825841730775,3
2023-03-14 07:16:00+00:00,8.448211,8.456220373896626,3
2023-03-14 07:18:00+00:00,8.477704,8.462375909053893,3
2023-03-14 07:20:00+00:00,8.480075,8.470587437321905,3
2023-03-14 07:22:00+00:00,8.457955,8.479312120301252,3
2023-03-14 07:24:00+00:00,8.524316,8.486895991751588,3
2023-03-14 07:26:00+00:00,8.521156,8.49247665894867,3
2023-03-14 07:28:00+00:00,8.449791,8.496936568761559,3
2023-03-14 07:30:00+00:00,8.491135,8.502414948008427,3
2023-03-14 07:32:00+00:00,8.543277,8.510051747200068,3
2023-03-14 07:34:00+00:00,8.516942,8.518728192214612,3
2023-03-14 07:36:00+00:00,8.549334,8.526638279975755,3
2023-03-14 07:38:00+00:00,8.520629,8.533525437330647,3
2023-03-14 07:40:00+00:00,8.53169,8.540696254498508,3
2023-03-14 07:42:00+00:00,8.548017,8.548857412797895,3
2023-03-14 07:44:00+00:00,8.580934,8.555700061253827,3
2023-03-14 07:46:00+00:00,8.6048975,8.553029882003813,3
2023-03-14 07:48:00+00:00,8.54117,8.516896130391599,3
2023-03-14 07:50:00+00:00,8.544593,8.382192957326529,3
2023-03-14 07:52:00+00:00,8.586991,8.014531784252465,3
2023-03-14 07:54:00+00:00,8.564608,7.235055421759542,3
2023-03-14 07:56:00+00:00,8.606478,5.947451183949331,3
2023-03-14 07:58:00+00:00,0.0,4.291403570733329,3
2023-03-14 08:00:00+00:00,0.0,2.633361807213677,3
2023-03-14 08:02:00+00:00,0.0,1.340981891944151,3
2023-03-14 08:04:00+00:00,0.0,0.5566355468096114,3
2023-03-14 08:06:00+00:00,0.0,0.18596831633301975,3
2023-03-14 08:08:00+00:00,0.0,0.04956001033201984,3
2023-03-14 08:10:00+00:00,0.0,0.010467772543837005,0
2023-03-14 08:12:00+00:00,0.0,0.001743244134724866,0
2023-03-14 08:14:00+00:00,0.0,0.00022688267693678863,0
2023-03-14 08:16:00+00:00,0.0,2.1643181451172117e-05,0
2023-03-14 08:18:00+00:00,0.0,0.0,0
2023-03-14 08:20:00+00:00,0.0,0.0,0
2023-03-14 08:22:00+00:00,0.0,0.0,0
2023-03-14 08:24:00+00:00,0.0,0.0,0
2023-03-14 08:26:00+00:00,0.0,0.0,0
2023-03-14 08:28:00+00:00,0.0,0.0,0
2023-03-14 08:30:00+00:00,0.0,0.0,0
2023-03-14 08:32:00+00:00,0.0,0.0,0
2023-03-14 08:34:00+00:00,0.0,0.0,0
2023-03-14 08:36:00+00:00,0.0,0.0,0
2023-03-14 08:38:00+00:00,0.0,0.0,0
