id,src_id,company_id,sub_process_id,timestamp_utc,total_kwh,total_system_power_demand,total_system_power_demand_max,process_id,equipment_id,total_system_power,is_obsolete_data,nonaggs_reading
72180988,1001-01-02-01,1001,2,2023-03-13 08:58:00+00:00,1098060.2,0.0,278.5151,1,1,0.0,False,
72181405,1001-01-02-01,1001,2,2023-03-13 09:00:00+00:00,1098060.2,0.0,278.5151,1,1,0.0,False,
72181822,1001-01-02-01,1001,2,2023-03-13 09:02:00+00:00,1098060.2,0.0,278.5151,1,1,0.0,False,
72182239,1001-01-02-01,1001,2,2023-03-13 09:04:00+00:00,1098060.2,0.0,278.5151,1,1,0.0,False,
72182656,1001-01-02-01,1001,2,2023-03-13 09:06:00+00:00,1098060.2,0.0,278.5151,1,1,0.0,False,
72183073,1001-01-02-01,1001,2,2023-03-13 09:08:00+00:00,1098060.2,0.0,278.5151,1,1,0.0,False,
72183490,1001-01-02-01,1001,2,2023-03-13 09:10:00+00:00,1098060.2,0.0,278.5151,1,1,0.0,False,
72183907,1001-01-02-01,1001,2,2023-03-13 09:12:00+00:00,1098060.2,0.0,278.5151,1,1,0.0,False,
72184324,1001-01-02-01,1001,2,2023-03-13 09:14:00+00:00,1098060.2,0.0,278.5151,1,1,0.0,False,
72184741,1001-01-02-01,1001,2,2023-03-13 09:16:00+00:00,1098060.2,0.0,278.5151,1,1,0.0,False,
72185158,1001-01-02-01,1001,2,2023-03-13 09:18:00+00:00,1098060.2,0.0,278.5151,1,1,0.0,False,
72185575,1001-01-02-01,1001,2,2023-03-13 09:20:00+00:00,1098060.2,0.0,278.5151,1,1,0.0,False,
72185992,1001-01-02-01,1001,2,2023-03-13 09:22:00+00:00,1098060.2,0.0,278.5151,1,1,0.0,False,
72186409,1001-01-02-01,1001,2,2023-03-13 09:24:00+00:00,1098060.2,0.0,278.5151,1,1,0.0,False,
72186826,1001-01-02-01,1001,2,2023-03-13 09:26:00+00:00,1098060.2,0.0,278.5151,1,1,0.0,False,
72187243,1001-01-02-01,1001,2,2023-03-13 09:28:00+00:00,1098060.2,0.0,278.5151,1,1,0.0,False,
72187660,1001-01-02-01,1001,2,2023-03-13 09:30:00+00:00,1098060.2,0.0,278.5151,1,1,0.0,False,
72188077,1001-01-02-01,1001,2,2023-03-13 09:32:00+00:00,1098060.2,0.0,278.5151,1,1,0.0,False,
72188494,1001-01-02-01,1001,2,2023-03-13 09:34:00+00:00,1098060.2,0.0,278.5151,1,1,0.0,False,
72188911,1001-01-02-01,1001,2,2023-03-13 09:36:00+00:00,1098060.2,0.0,278.5151,1,1,0.0,False,
72189328,1001-01-02-01,1001,2,2023-03-13 09:38:00+00:00,1098060.2,0.0,278.5151,1,1,0.0,False,
72189745,1001-01-02-01,1001,2,2023-03-13 09:40:00+00:00,1098060.2,0.0,278.5151,1,1,0.0,False,
72190162,1001-01-02-01,1001,2,2023-03-13 09:42:00+00:00,1098060.2,0.0,278.5151,1,1,0.0,False,
72190579,1001-01-02-01,1001,2,2023-03-13 09:44:00+00:00,1098060.2,0.0,278.5151,1,1,0.0,False,
72190996,1001-01-02-01,1001,2,2023-03-13 09:46:00+00:00,1098060.2,0.0,278.5151,1,1,0.0,False,
72191413,1001-01-02-01,1001,2,2023-03-13 09:48:00+00:00,1098060.2,0.0,278.5151,1,1,0.0,False,
72191830,1001-01-02-01,1001,2,2023-03-13 09:50:00+00:00,1098060.2,0.0,278.5151,1,1,0.0,False,
72192247,1001-01-02-01,1001,2,2023-03-13 09:52:00+00:00,1098060.2,0.0,278.5151,1,1,0.0,False,
72192664,1001-01-02-01,1001,2,2023-03-13 09:54:00+00:00,1098060.2,0.0,278.5151,1,1,0.0,False,
72193081,1001-01-02-01,1001,2,2023-03-13 09:56:00+00:00,1098060.2,0.0,278.5151,1,1,0.0,False,
72193498,1001-01-02-01,1001,2,2023-03-13 09:58:00+00:00,1098060.2,0.0,278.5151,1,1,0.0,False,
72193915,1001-01-02-01,1001,2,2023-03-13 10:00:00+00:00,1098060.2,0.0,278.5151,1,1,0.0,False,
72194332,1001-01-02-01,1001,2,2023-03-13 10:02:00+00:00,1098060.2,0.0,278.5151,1,1,0.0,False,
72194749,1001-01-02-01,1001,2,2023-03-13 10:04:00+00:00,1098060.2,0.0,278.5151,1,1,0.0,False,
72195166,1001-01-02-01,1001,2,2023-03-13 10:06:00+00:00,1098060.2,0.0,278.5151,1,1,0.0,False,
72195583,1001-01-02-01,1001,2,2023-03-13 10:08:00+00:00,1098060.2,0.0,278.5151,1,1,0.0,False,
72196000,1001-01-02-01,1001,2,2023-03-13 10:10:00+00:00,1098060.2,0.0,278.5151,1,1,0.0,False,
72196417,1001-01-02-01,1001,2,2023-03-13 10:12:00+00:00,1098060.2,0.0,278.5151,1,1,0.0,False,
72196834,1001-01-02-01,1001,2,2023-03-13 10:14:00+00:00,1098060.2,0.0,278.5151,1,1,0.0,False,
72197251,1001-01-02-01,1001,2,2023-03-13 10:16:00+00:00,1098060.2,0.0,278.5151,1,1,0.0,False,
72197668,1001-01-02-01,1001,2,2023-03-13 10:18:00+00:00,1098060.2,0.0,278.5151,1,1,0.0,False,
72198085,1001-01-02-01,1001,2,2023-03-13 10:20:00+00:00,1098060.2,0.0,278.5151,1,1,0.0,False,
72198502,1001-01-02-01,1001,2,2023-03-13 10:22:00+00:00,1098060.2,0.0,278.5151,1,1,0.0,False,
72198919,1001-01-02-01,1001,2,2023-03-13 10:24:00+00:00,1098060.2,0.0,278.5151,1,1,0.0,False,
72199336,1001-01-02-01,1001,2,2023-03-13 10:26:00+00:00,1098060.2,0.0,278.5151,1,1,0.0,False,
72199753,1001-01-02-01,1001,2,2023-03-13 10:28:00+00:00,1098060.2,0.0,278.5151,1,1,0.0,False,
72200170,1001-01-02-01,1001,2,2023-03-13 10:30:00+00:00,1098060.2,0.0,278.5151,1,1,0.0,False,
72200587,1001-01-02-01,1001,2,2023-03-13 10:32:00+00:00,1098060.2,0.0,278.5151,1,1,0.0,False,
72201004,1001-01-02-01,1001,2,2023-03-13 10:34:00+00:00,1098060.2,0.0,278.5151,1,1,0.0,False,
72201421,1001-01-02-01,1001,2,2023-03-13 10:36:00+00:00,1098060.2,0.0,278.5151,1,1,0.0,False,
72201838,1001-01-02-01,1001,2,2023-03-13 10:38:00+00:00,1098060.2,0.0,278.5151,1,1,0.0,False,
72202255,1001-01-02-01,1001,2,2023-03-13 10:40:00+00:00,1098060.2,0.0,278.5151,1,1,0.0,False,
72202672,1001-01-02-01,1001,2,2023-03-13 10:42:00+00:00,1098060.2,0.0,278.5151,1,1,0.0,False,
72203089,1001-01-02-01,1001,2,2023-03-13 10:44:00+00:00,1098060.2,0.0,278.5151,1,1,0.0,False,
72203506,1001-01-02-01,1001,2,2023-03-13 10:46:00+00:00,1098060.2,0.0,278.5151,1,1,0.0,False,
72203923,1001-01-02-01,1001,2,2023-03-13 10:48:00+00:00,1098060.2,0.0,278.5151,1,1,0.0,False,
72204340,1001-01-02-01,1001,2,2023-03-13 10:50:00+00:00,1098060.2,0.0,278.5151,1,1,0.0,False,
72204757,1001-01-02-01,1001,2,2023-03-13 10:52:00+00:00,1098060.2,0.0,278.5151,1,1,0.0,False,
72205174,1001-01-02-01,1001,2,2023-03-13 10:54:00+00:00,1098060.2,0.0,278.5151,1,1,0.0,False,
72205591,1001-01-02-01,1001,2,2023-03-13 10:56:00+00:00,1098060.2,0.0,278.5151,1,1,0.0,False,
72206008,1001-01-02-01,1001,2,2023-03-13 10:58:00+00:00,1098060.2,0.0,278.5151,1,1,0.0,False,
72206425,1001-01-02-01,1001,2,2023-03-13 11:00:00+00:00,1098060.2,0.0,278.5151,1,1,0.0,False,
72206842,1001-01-02-01,1001,2,2023-03-13 11:02:00+00:00,1098060.2,0.0,278.5151,1,1,0.0,False,
72207259,1001-01-02-01,1001,2,2023-03-13 11:04:00+00:00,1098060.2,0.0,278.5151,1,1,0.0,False,
72207676,1001-01-02-01,1001,2,2023-03-13 11:06:00+00:00,1098060.2,0.0,278.5151,1,1,0.0,False,
72208093,1001-01-02-01,1001,2,2023-03-13 11:08:00+00:00,1098060.2,0.0,278.5151,1,1,0.0,False,
72208510,1001-01-02-01,1001,2,2023-03-13 11:10:00+00:00,1098060.2,0.0,278.5151,1,1,0.0,False,
72208927,1001-01-02-01,1001,2,2023-03-13 11:12:00+00:00,1098060.2,0.0,278.5151,1,1,0.0,False,
72209344,1001-01-02-01,1001,2,2023-03-13 11:14:00+00:00,1098060.2,0.0,278.5151,1,1,0.0,False,
72209761,1001-01-02-01,1001,2,2023-03-13 11:16:00+00:00,1098060.2,0.0,278.5151,1,1,0.0,False,
72210178,1001-01-02-01,1001,2,2023-03-13 11:18:00+00:00,1098060.2,0.0,278.5151,1,1,0.0,False,
72210595,1001-01-02-01,1001,2,2023-03-13 11:20:00+00:00,1098060.2,0.0,278.5151,1,1,0.0,False,
72211012,1001-01-02-01,1001,2,2023-03-13 11:22:00+00:00,1098060.2,0.0,278.5151,1,1,0.0,False,
72211429,1001-01-02-01,1001,2,2023-03-13 11:24:00+00:00,1098060.2,0.0,278.5151,1,1,0.0,False,
72211846,1001-01-02-01,1001,2,2023-03-13 11:26:00+00:00,1098060.2,0.0,278.5151,1,1,0.0,False,
72212263,1001-01-02-01,1001,2,2023-03-13 11:28:00+00:00,1098060.2,0.0,278.5151,1,1,0.0,False,
72212680,1001-01-02-01,1001,2,2023-03-13 11:30:00+00:00,1098060.2,0.0,278.5151,1,1,0.0,False,
72213097,1001-01-02-01,1001,2,2023-03-13 11:32:00+00:00,1098060.2,0.0,278.5151,1,1,0.0,False,
72213514,1001-01-02-01,1001,2,2023-03-13 11:34:00+00:00,1098060.2,0.0,278.5151,1,1,0.0,False,
72213931,1001-01-02-01,1001,2,2023-03-13 11:36:00+00:00,1098060.2,0.0,278.5151,1,1,0.0,False,
72214348,1001-01-02-01,1001,2,2023-03-13 11:38:00+00:00,1098060.2,0.0,278.5151,1,1,0.0,False,
72214765,1001-01-02-01,1001,2,2023-03-13 11:40:00+00:00,1098060.2,0.0,278.5151,1,1,0.0,False,
72215182,1001-01-02-01,1001,2,2023-03-13 11:42:00+00:00,1098060.2,0.0,278.5151,1,1,0.0,False,
72215599,1001-01-02-01,1001,2,2023-03-13 11:44:00+00:00,1098060.2,0.0,278.5151,1,1,0.0,False,
72216016,1001-01-02-01,1001,2,2023-03-13 11:46:00+00:00,1098060.2,0.0,278.5151,1,1,0.0,False,
72216433,1001-01-02-01,1001,2,2023-03-13 11:48:00+00:00,1098060.2,0.0,278.5151,1,1,0.0,False,
72216850,1001-01-02-01,1001,2,2023-03-13 11:50:00+00:00,1098060.2,0.0,278.5151,1,1,0.0,False,
72217267,1001-01-02-01,1001,2,2023-03-13 11:52:00+00:00,1098060.2,0.0,278.5151,1,1,0.0,False,
72217684,1001-01-02-01,1001,2,2023-03-13 11:54:00+00:00,1098060.2,0.0,278.5151,1,1,0.0,False,
72218101,1001-01-02-01,1001,2,2023-03-13 11:56:00+00:00,1098060.2,0.0,278.5151,1,1,0.0,False,
72218518,1001-01-02-01,1001,2,2023-03-13 11:58:00+00:00,1098060.2,0.0,278.5151,1,1,0.0,False,
72218935,1001-01-02-01,1001,2,2023-03-13 12:00:00+00:00,1098060.2,0.0,278.5151,1,1,0.0,False,
72219352,1001-01-02-01,1001,2,2023-03-13 12:02:00+00:00,1098060.2,0.0,278.5151,1,1,0.0,False,
72219769,1001-01-02-01,1001,2,2023-03-13 12:04:00+00:00,1098060.2,0.0,278.5151,1,1,0.0,False,
72220186,1001-01-02-01,1001,2,2023-03-13 12:06:00+00:00,1098060.2,0.0,278.5151,1,1,0.0,False,
72220603,1001-01-02-01,1001,2,2023-03-13 12:08:00+00:00,1098060.2,0.0,278.5151,1,1,0.0,False,
72221020,1001-01-02-01,1001,2,2023-03-13 12:10:00+00:00,1098060.2,0.0,278.5151,1,1,0.0,False,
72221437,1001-01-02-01,1001,2,2023-03-13 12:12:00+00:00,1098060.2,0.0,278.5151,1,1,0.0,False,
72221854,1001-01-02-01,1001,2,2023-03-13 12:14:00+00:00,1098060.2,0.0,278.5151,1,1,0.0,False,
72222271,1001-01-02-01,1001,2,2023-03-13 12:16:00+00:00,1098060.2,0.0,278.5151,1,1,0.0,False,
72222688,1001-01-02-01,1001,2,2023-03-13 12:18:00+00:00,1098060.2,0.0,278.5151,1,1,0.0,False,
72223105,1001-01-02-01,1001,2,2023-03-13 12:20:00+00:00,1098060.2,0.0,278.5151,1,1,0.0,False,
72223522,1001-01-02-01,1001,2,2023-03-13 12:22:00+00:00,1098060.2,0.0,278.5151,1,1,0.0,False,
72223939,1001-01-02-01,1001,2,2023-03-13 12:24:00+00:00,1098060.2,0.0,278.5151,1,1,0.0,False,
72224356,1001-01-02-01,1001,2,2023-03-13 12:26:00+00:00,1098060.2,0.0,278.5151,1,1,0.0,False,
72224773,1001-01-02-01,1001,2,2023-03-13 12:28:00+00:00,1098060.2,0.0,278.5151,1,1,0.0,False,
72225190,1001-01-02-01,1001,2,2023-03-13 12:30:00+00:00,1098060.2,0.0,278.5151,1,1,0.0,False,
72225607,1001-01-02-01,1001,2,2023-03-13 12:32:00+00:00,1098060.2,0.0,278.5151,1,1,0.0,False,
72226024,1001-01-02-01,1001,2,2023-03-13 12:34:00+00:00,1098060.2,0.0,278.5151,1,1,0.0,False,
72226441,1001-01-02-01,1001,2,2023-03-13 12:36:00+00:00,1098060.2,0.0,278.5151,1,1,0.0,False,
72226858,1001-01-02-01,1001,2,2023-03-13 12:38:00+00:00,1098060.2,0.0,278.5151,1,1,0.0,False,
72227275,1001-01-02-01,1001,2,2023-03-13 12:40:00+00:00,1098060.2,0.0,278.5151,1,1,0.0,False,
72227692,1001-01-02-01,1001,2,2023-03-13 12:42:00+00:00,1098060.2,0.0,278.5151,1,1,0.0,False,
72228109,1001-01-02-01,1001,2,2023-03-13 12:44:00+00:00,1098060.2,0.0,278.5151,1,1,0.0,False,
72228526,1001-01-02-01,1001,2,2023-03-13 12:46:00+00:00,1098060.2,0.0,278.5151,1,1,0.0,False,
72228943,1001-01-02-01,1001,2,2023-03-13 12:48:00+00:00,1098060.2,0.0,278.5151,1,1,0.0,False,
72229360,1001-01-02-01,1001,2,2023-03-13 12:50:00+00:00,1098060.2,0.0,278.5151,1,1,0.0,False,
72229777,1001-01-02-01,1001,2,2023-03-13 12:52:00+00:00,1098060.2,0.0,278.5151,1,1,0.0,False,
72230194,1001-01-02-01,1001,2,2023-03-13 12:54:00+00:00,1098060.2,0.0,278.5151,1,1,0.0,False,
72230611,1001-01-02-01,1001,2,2023-03-13 12:56:00+00:00,1098060.2,0.0,278.5151,1,1,0.0,False,
72231028,1001-01-02-01,1001,2,2023-03-13 12:58:00+00:00,1098060.2,0.0,278.5151,1,1,0.0,False,
72231445,1001-01-02-01,1001,2,2023-03-13 13:00:00+00:00,1098060.2,0.0,278.5151,1,1,0.0,False,
72231862,1001-01-02-01,1001,2,2023-03-13 13:02:00+00:00,1098060.2,0.0,278.5151,1,1,0.0,False,
72232279,1001-01-02-01,1001,2,2023-03-13 13:04:00+00:00,1098060.2,0.0,278.5151,1,1,0.0,False,
72232696,1001-01-02-01,1001,2,2023-03-13 13:06:00+00:00,1098060.2,0.0,278.5151,1,1,0.0,False,
72233113,1001-01-02-01,1001,2,2023-03-13 13:08:00+00:00,1098060.2,0.0,278.5151,1,1,0.0,False,
72233530,1001-01-02-01,1001,2,2023-03-13 13:10:00+00:00,1098060.2,0.0,278.5151,1,1,0.0,False,
72233947,1001-01-02-01,1001,2,2023-03-13 13:12:00+00:00,1098060.2,0.0,278.5151,1,1,0.0,False,
72234364,1001-01-02-01,1001,2,2023-03-13 13:14:00+00:00,1098060.2,0.0,278.5151,1,1,0.0,False,
72234781,1001-01-02-01,1001,2,2023-03-13 13:16:00+00:00,1098060.2,0.0,278.5151,1,1,0.0,False,
72235198,1001-01-02-01,1001,2,2023-03-13 13:18:00+00:00,1098060.2,0.0,278.5151,1,1,0.0,False,
72235615,1001-01-02-01,1001,2,2023-03-13 13:20:00+00:00,1098060.2,0.0,278.5151,1,1,0.0,False,
72236032,1001-01-02-01,1001,2,2023-03-13 13:22:00+00:00,1098060.2,0.0,278.5151,1,1,0.0,False,
72236449,1001-01-02-01,1001,2,2023-03-13 13:24:00+00:00,1098060.2,0.0,278.5151,1,1,0.0,False,
72236866,1001-01-02-01,1001,2,2023-03-13 13:26:00+00:00,1098060.2,0.0,278.5151,1,1,0.0,False,
72237283,1001-01-02-01,1001,2,2023-03-13 13:28:00+00:00,1098060.2,0.0,278.5151,1,1,0.0,False,
72237700,1001-01-02-01,1001,2,2023-03-13 13:30:00+00:00,1098060.2,0.0,278.5151,1,1,0.0,False,
72238117,1001-01-02-01,1001,2,2023-03-13 13:32:00+00:00,1098060.2,0.0,278.5151,1,1,0.0,False,
72238534,1001-01-02-01,1001,2,2023-03-13 13:34:00+00:00,1098060.2,0.0,278.5151,1,1,0.0,False,
72238951,1001-01-02-01,1001,2,2023-03-13 13:36:00+00:00,1098060.2,0.0,278.5151,1,1,0.0,False,
72239368,1001-01-02-01,1001,2,2023-03-13 13:38:00+00:00,1098060.2,0.0,278.5151,1,1,0.0,False,
72239785,1001-01-02-01,1001,2,2023-03-13 13:40:00+00:00,1098060.2,0.0,278.5151,1,1,0.0,False,
72240202,1001-01-02-01,1001,2,2023-03-13 13:42:00+00:00,1098060.2,0.0,278.5151,1,1,0.0,False,
72240619,1001-01-02-01,1001,2,2023-03-13 13:44:00+00:00,1098060.2,0.0,278.5151,1,1,0.0,False,
72241036,1001-01-02-01,1001,2,2023-03-13 13:46:00+00:00,1098060.2,0.0,278.5151,1,1,0.0,False,
72241453,1001-01-02-01,1001,2,2023-03-13 13:48:00+00:00,1098060.2,0.0,278.5151,1,1,0.0,False,
72241870,1001-01-02-01,1001,2,2023-03-13 13:50:00+00:00,1098060.2,0.0,278.5151,1,1,0.0,False,
72242287,1001-01-02-01,1001,2,2023-03-13 13:52:00+00:00,1098060.2,0.0,278.5151,1,1,0.0,False,
72242704,1001-01-02-01,1001,2,2023-03-13 13:54:00+00:00,1098060.2,0.0,278.5151,1,1,0.0,False,
72243121,1001-01-02-01,1001,2,2023-03-13 13:56:00+00:00,1098060.2,0.0,278.5151,1,1,0.0,False,
72243538,1001-01-02-01,1001,2,2023-03-13 13:58:00+00:00,1098060.2,0.0,278.5151,1,1,0.0,False,
72243955,1001-01-02-01,1001,2,2023-03-13 14:00:00+00:00,1098060.2,0.0,278.5151,1,1,0.0,False,
72244372,1001-01-02-01,1001,2,2023-03-13 14:02:00+00:00,1098060.2,0.0,278.5151,1,1,0.0,False,
72244789,1001-01-02-01,1001,2,2023-03-13 14:04:00+00:00,1098060.2,0.0,278.5151,1,1,0.0,False,
72245206,1001-01-02-01,1001,2,2023-03-13 14:06:00+00:00,1098060.2,0.0,278.5151,1,1,0.0,False,
72245623,1001-01-02-01,1001,2,2023-03-13 14:08:00+00:00,1098060.2,0.0,278.5151,1,1,0.0,False,
72246040,1001-01-02-01,1001,2,2023-03-13 14:10:00+00:00,1098060.2,0.0,278.5151,1,1,0.0,False,
72246457,1001-01-02-01,1001,2,2023-03-13 14:12:00+00:00,1098060.2,0.0,278.5151,1,1,0.0,False,
72246874,1001-01-02-01,1001,2,2023-03-13 14:14:00+00:00,1098060.2,0.0,278.5151,1,1,0.0,False,
72247291,1001-01-02-01,1001,2,2023-03-13 14:16:00+00:00,1098060.2,0.0,278.5151,1,1,0.0,False,
72247708,1001-01-02-01,1001,2,2023-03-13 14:18:00+00:00,1098060.2,0.0,278.5151,1,1,0.0,False,
72248125,1001-01-02-01,1001,2,2023-03-13 14:20:00+00:00,1098060.2,0.0,278.5151,1,1,0.0,False,
72248542,1001-01-02-01,1001,2,2023-03-13 14:22:00+00:00,1098060.2,0.0,278.5151,1,1,0.0,False,
72248959,1001-01-02-01,1001,2,2023-03-13 14:24:00+00:00,1098060.2,0.0,278.5151,1,1,0.0,False,
72249376,1001-01-02-01,1001,2,2023-03-13 14:26:00+00:00,1098060.2,0.0,278.5151,1,1,0.0,False,
72249793,1001-01-02-01,1001,2,2023-03-13 14:28:00+00:00,1098060.2,0.0,278.5151,1,1,0.0,False,
72250210,1001-01-02-01,1001,2,2023-03-13 14:30:00+00:00,1098060.2,0.0,278.5151,1,1,0.0,False,
72250627,1001-01-02-01,1001,2,2023-03-13 14:32:00+00:00,1098060.2,0.0,278.5151,1,1,0.0,False,
72251044,1001-01-02-01,1001,2,2023-03-13 14:34:00+00:00,1098060.2,0.0,278.5151,1,1,0.0,False,
72251461,1001-01-02-01,1001,2,2023-03-13 14:36:00+00:00,1098060.2,0.0,278.5151,1,1,0.0,False,
72251878,1001-01-02-01,1001,2,2023-03-13 14:38:00+00:00,1098060.2,0.0,278.5151,1,1,0.0,False,
72252295,1001-01-02-01,1001,2,2023-03-13 14:40:00+00:00,1098060.2,0.0,278.5151,1,1,0.0,False,
72252712,1001-01-02-01,1001,2,2023-03-13 14:42:00+00:00,1098060.2,0.0,278.5151,1,1,0.0,False,
72253129,1001-01-02-01,1001,2,2023-03-13 14:44:00+00:00,1098060.2,0.0,278.5151,1,1,0.0,False,
72253546,1001-01-02-01,1001,2,2023-03-13 14:46:00+00:00,1098060.2,0.0,278.5151,1,1,0.0,False,
72253963,1001-01-02-01,1001,2,2023-03-13 14:48:00+00:00,1098060.2,0.0,278.5151,1,1,0.0,False,
72254380,1001-01-02-01,1001,2,2023-03-13 14:50:00+00:00,1098060.2,0.0,278.5151,1,1,0.0,False,
72254797,1001-01-02-01,1001,2,2023-03-13 14:52:00+00:00,1098060.2,0.0,278.5151,1,1,0.0,False,
72255214,1001-01-02-01,1001,2,2023-03-13 14:54:00+00:00,1098060.2,0.0,278.5151,1,1,0.0,False,
72255631,1001-01-02-01,1001,2,2023-03-13 14:56:00+00:00,1098060.2,0.0,278.5151,1,1,0.0,False,
72256048,1001-01-02-01,1001,2,2023-03-13 14:58:00+00:00,1098060.2,0.0,278.5151,1,1,0.0,False,
72256465,1001-01-02-01,1001,2,2023-03-13 15:00:00+00:00,1098060.2,0.0,278.5151,1,1,0.0,False,
72256882,1001-01-02-01,1001,2,2023-03-13 15:02:00+00:00,1098060.2,0.0,278.5151,1,1,0.0,False,
72257299,1001-01-02-01,1001,2,2023-03-13 15:04:00+00:00,1098060.2,0.0,278.5151,1,1,0.0,False,
72257716,1001-01-02-01,1001,2,2023-03-13 15:06:00+00:00,1098060.2,0.0,278.5151,1,1,0.0,False,
72258133,1001-01-02-01,1001,2,2023-03-13 15:08:00+00:00,1098060.2,0.0,278.5151,1,1,0.0,False,
72258550,1001-01-02-01,1001,2,2023-03-13 15:10:00+00:00,1098060.2,0.0,278.5151,1,1,0.0,False,
72258967,1001-01-02-01,1001,2,2023-03-13 15:12:00+00:00,1098060.2,0.0,278.5151,1,1,0.0,False,
72259384,1001-01-02-01,1001,2,2023-03-13 15:14:00+00:00,1098060.2,0.0,278.5151,1,1,0.0,False,
72259801,1001-01-02-01,1001,2,2023-03-13 15:16:00+00:00,1098060.2,0.0,278.5151,1,1,0.0,False,
72260218,1001-01-02-01,1001,2,2023-03-13 15:18:00+00:00,1098060.2,0.0,278.5151,1,1,0.0,False,
72260635,1001-01-02-01,1001,2,2023-03-13 15:20:00+00:00,1098060.2,0.0,278.5151,1,1,0.0,False,
72261052,1001-01-02-01,1001,2,2023-03-13 15:22:00+00:00,1098060.2,0.0,278.5151,1,1,0.0,False,
72261469,1001-01-02-01,1001,2,2023-03-13 15:24:00+00:00,1098060.2,0.0,278.5151,1,1,0.0,False,
72261886,1001-01-02-01,1001,2,2023-03-13 15:26:00+00:00,1098060.2,0.0,278.5151,1,1,0.0,False,
72262303,1001-01-02-01,1001,2,2023-03-13 15:28:00+00:00,1098060.2,0.0,278.5151,1,1,0.0,False,
72262720,1001-01-02-01,1001,2,2023-03-13 15:30:00+00:00,1098060.2,0.0,278.5151,1,1,0.0,False,
72263137,1001-01-02-01,1001,2,2023-03-13 15:32:00+00:00,1098060.2,0.0,278.5151,1,1,0.0,False,
72263554,1001-01-02-01,1001,2,2023-03-13 15:34:00+00:00,1098060.2,0.0,278.5151,1,1,0.0,False,
72263971,1001-01-02-01,1001,2,2023-03-13 15:36:00+00:00,1098060.2,0.0,278.5151,1,1,0.0,False,
72264388,1001-01-02-01,1001,2,2023-03-13 15:38:00+00:00,1098060.2,0.0,278.5151,1,1,0.0,False,
72264805,1001-01-02-01,1001,2,2023-03-13 15:40:00+00:00,1098060.2,0.0,278.5151,1,1,0.0,False,
72265222,1001-01-02-01,1001,2,2023-03-13 15:42:00+00:00,1098060.2,0.0,278.5151,1,1,0.0,False,
72265639,1001-01-02-01,1001,2,2023-03-13 15:44:00+00:00,1098060.2,0.0,278.5151,1,1,0.0,False,
72266056,1001-01-02-01,1001,2,2023-03-13 15:46:00+00:00,1098060.2,0.0,278.5151,1,1,0.0,False,
72266473,1001-01-02-01,1001,2,2023-03-13 15:48:00+00:00,1098060.2,0.0,278.5151,1,1,0.0,False,
72266890,1001-01-02-01,1001,2,2023-03-13 15:50:00+00:00,1098060.2,0.0,278.5151,1,1,0.0,False,
72267307,1001-01-02-01,1001,2,2023-03-13 15:52:00+00:00,1098060.2,0.0,278.5151,1,1,0.0,False,
72267724,1001-01-02-01,1001,2,2023-03-13 15:54:00+00:00,1098060.2,0.0,278.5151,1,1,0.0,False,
72268141,1001-01-02-01,1001,2,2023-03-13 15:56:00+00:00,1098060.2,0.0,278.5151,1,1,0.0,False,
72268558,1001-01-02-01,1001,2,2023-03-13 15:58:00+00:00,1098060.2,0.0,278.5151,1,1,0.0,False,
72268975,1001-01-02-01,1001,2,2023-03-13 16:00:00+00:00,1098060.2,0.0,278.5151,1,1,0.0,False,
72269392,1001-01-02-01,1001,2,2023-03-13 16:02:00+00:00,1098060.2,0.0,278.5151,1,1,0.0,False,
72269809,1001-01-02-01,1001,2,2023-03-13 16:04:00+00:00,1098060.2,0.0,278.5151,1,1,0.0,False,
72270226,1001-01-02-01,1001,2,2023-03-13 16:06:00+00:00,1098060.2,0.0,278.5151,1,1,0.0,False,
72270643,1001-01-02-01,1001,2,2023-03-13 16:08:00+00:00,1098060.2,0.0,278.5151,1,1,0.0,False,
72271060,1001-01-02-01,1001,2,2023-03-13 16:10:00+00:00,1098060.2,0.0,278.5151,1,1,0.0,False,
72271477,1001-01-02-01,1001,2,2023-03-13 16:12:00+00:00,1098060.2,0.0,278.5151,1,1,0.0,False,
72271894,1001-01-02-01,1001,2,2023-03-13 16:14:00+00:00,1098060.2,0.0,278.5151,1,1,0.0,False,
72272311,1001-01-02-01,1001,2,2023-03-13 16:16:00+00:00,1098060.2,0.0,278.5151,1,1,0.0,False,
72272728,1001-01-02-01,1001,2,2023-03-13 16:18:00+00:00,1098060.2,0.0,278.5151,1,1,0.0,False,
72273145,1001-01-02-01,1001,2,2023-03-13 16:20:00+00:00,1098060.2,0.0,278.5151,1,1,0.0,False,
72273562,1001-01-02-01,1001,2,2023-03-13 16:22:00+00:00,1098060.2,0.0,278.5151,1,1,0.0,False,
72273979,1001-01-02-01,1001,2,2023-03-13 16:24:00+00:00,1098060.2,0.0,278.5151,1,1,0.0,False,
72274396,1001-01-02-01,1001,2,2023-03-13 16:26:00+00:00,1098060.2,0.0,278.5151,1,1,0.0,False,
72274813,1001-01-02-01,1001,2,2023-03-13 16:28:00+00:00,1098060.2,0.0,278.5151,1,1,0.0,False,
72275230,1001-01-02-01,1001,2,2023-03-13 16:30:00+00:00,1098060.2,0.0,278.5151,1,1,0.0,False,
72275647,1001-01-02-01,1001,2,2023-03-13 16:32:00+00:00,1098060.2,0.0,278.5151,1,1,0.0,False,
72276064,1001-01-02-01,1001,2,2023-03-13 16:34:00+00:00,1098060.2,0.0,278.5151,1,1,0.0,False,
72276481,1001-01-02-01,1001,2,2023-03-13 16:36:00+00:00,1098060.2,0.0,278.5151,1,1,0.0,False,
72276898,1001-01-02-01,1001,2,2023-03-13 16:38:00+00:00,1098060.2,0.0,278.5151,1,1,0.0,False,
72277315,1001-01-02-01,1001,2,2023-03-13 16:40:00+00:00,1098060.2,0.0,278.5151,1,1,0.0,False,
72277732,1001-01-02-01,1001,2,2023-03-13 16:42:00+00:00,1098060.2,0.0,278.5151,1,1,0.0,False,
72278149,1001-01-02-01,1001,2,2023-03-13 16:44:00+00:00,1098060.2,0.0,278.5151,1,1,0.0,False,
72278566,1001-01-02-01,1001,2,2023-03-13 16:46:00+00:00,1098060.2,0.0,278.5151,1,1,0.0,False,
72278983,1001-01-02-01,1001,2,2023-03-13 16:48:00+00:00,1098060.2,0.0,278.5151,1,1,0.0,False,
72279400,1001-01-02-01,1001,2,2023-03-13 16:50:00+00:00,1098060.2,0.0,278.5151,1,1,0.0,False,
72279817,1001-01-02-01,1001,2,2023-03-13 16:52:00+00:00,1098060.2,0.0,278.5151,1,1,0.0,False,
72280234,1001-01-02-01,1001,2,2023-03-13 16:54:00+00:00,1098060.2,0.0,278.5151,1,1,0.0,False,
72280651,1001-01-02-01,1001,2,2023-03-13 16:56:00+00:00,1098060.2,0.0,278.5151,1,1,0.0,False,
72281068,1001-01-02-01,1001,2,2023-03-13 16:58:00+00:00,1098060.2,0.0,278.5151,1,1,0.0,False,
72281485,1001-01-02-01,1001,2,2023-03-13 17:00:00+00:00,1098060.2,0.0,278.5151,1,1,0.0,False,
72281902,1001-01-02-01,1001,2,2023-03-13 17:02:00+00:00,1098060.2,0.0,278.5151,1,1,0.0,False,
72282319,1001-01-02-01,1001,2,2023-03-13 17:04:00+00:00,1098060.2,0.0,278.5151,1,1,0.0,False,
72282736,1001-01-02-01,1001,2,2023-03-13 17:06:00+00:00,1098060.2,0.0,278.5151,1,1,0.0,False,
72283153,1001-01-02-01,1001,2,2023-03-13 17:08:00+00:00,1098060.2,0.0,278.5151,1,1,0.0,False,
72283570,1001-01-02-01,1001,2,2023-03-13 17:10:00+00:00,1098060.2,0.0,278.5151,1,1,0.0,False,
72283987,1001-01-02-01,1001,2,2023-03-13 17:12:00+00:00,1098060.2,0.0,278.5151,1,1,0.0,False,
72284404,1001-01-02-01,1001,2,2023-03-13 17:14:00+00:00,1098060.2,0.0,278.5151,1,1,0.0,False,
72284821,1001-01-02-01,1001,2,2023-03-13 17:16:00+00:00,1098060.2,0.0,278.5151,1,1,0.0,False,
72285238,1001-01-02-01,1001,2,2023-03-13 17:18:00+00:00,1098060.2,0.0,278.5151,1,1,0.0,False,
72285655,1001-01-02-01,1001,2,2023-03-13 17:20:00+00:00,1098060.2,0.0,278.5151,1,1,0.0,False,
72286072,1001-01-02-01,1001,2,2023-03-13 17:22:00+00:00,1098060.2,0.0,278.5151,1,1,0.0,False,
72286489,1001-01-02-01,1001,2,2023-03-13 17:24:00+00:00,1098060.2,0.0,278.5151,1,1,0.0,False,
72286906,1001-01-02-01,1001,2,2023-03-13 17:26:00+00:00,1098060.2,0.0,278.5151,1,1,0.0,False,
72287323,1001-01-02-01,1001,2,2023-03-13 17:28:00+00:00,1098060.2,0.0,278.5151,1,1,0.0,False,
72287740,1001-01-02-01,1001,2,2023-03-13 17:30:00+00:00,1098060.2,0.0,278.5151,1,1,0.0,False,
72288157,1001-01-02-01,1001,2,2023-03-13 17:32:00+00:00,1098060.2,0.0,278.5151,1,1,0.0,False,
72288574,1001-01-02-01,1001,2,2023-03-13 17:34:00+00:00,1098060.2,0.0,278.5151,1,1,0.0,False,
72288991,1001-01-02-01,1001,2,2023-03-13 17:36:00+00:00,1098060.2,0.0,278.5151,1,1,0.0,False,
72289408,1001-01-02-01,1001,2,2023-03-13 17:38:00+00:00,1098060.2,0.0,278.5151,1,1,0.0,False,
72289825,1001-01-02-01,1001,2,2023-03-13 17:40:00+00:00,1098060.2,0.0,278.5151,1,1,0.0,False,
72290242,1001-01-02-01,1001,2,2023-03-13 17:42:00+00:00,1098060.2,0.0,278.5151,1,1,0.0,False,
72290659,1001-01-02-01,1001,2,2023-03-13 17:44:00+00:00,1098060.2,0.0,278.5151,1,1,0.0,False,
72291076,1001-01-02-01,1001,2,2023-03-13 17:46:00+00:00,1098060.2,0.0,278.5151,1,1,0.0,False,
72291493,1001-01-02-01,1001,2,2023-03-13 17:48:00+00:00,1098060.2,0.0,278.5151,1,1,0.0,False,
72291910,1001-01-02-01,1001,2,2023-03-13 17:50:00+00:00,1098060.2,0.0,278.5151,1,1,0.0,False,
72292327,1001-01-02-01,1001,2,2023-03-13 17:52:00+00:00,1098060.2,0.0,278.5151,1,1,0.0,False,
72292744,1001-01-02-01,1001,2,2023-03-13 17:54:00+00:00,1098060.2,0.0,278.5151,1,1,0.0,False,
72293161,1001-01-02-01,1001,2,2023-03-13 17:56:00+00:00,1098060.2,0.0,278.5151,1,1,0.0,False,
72293578,1001-01-02-01,1001,2,2023-03-13 17:58:00+00:00,1098060.2,0.0,278.5151,1,1,0.0,False,
72293995,1001-01-02-01,1001,2,2023-03-13 18:00:00+00:00,1098060.2,0.0,278.5151,1,1,0.0,False,
72294412,1001-01-02-01,1001,2,2023-03-13 18:02:00+00:00,1098060.2,0.0,278.5151,1,1,0.0,False,
72294829,1001-01-02-01,1001,2,2023-03-13 18:04:00+00:00,1098060.2,0.0,278.5151,1,1,0.0,False,
72295246,1001-01-02-01,1001,2,2023-03-13 18:06:00+00:00,1098060.2,0.0,278.5151,1,1,0.0,False,
72295663,1001-01-02-01,1001,2,2023-03-13 18:08:00+00:00,1098060.2,0.0,278.5151,1,1,0.0,False,
72296080,1001-01-02-01,1001,2,2023-03-13 18:10:00+00:00,1098060.2,0.0,278.5151,1,1,0.0,False,
72296497,1001-01-02-01,1001,2,2023-03-13 18:12:00+00:00,1098060.2,0.0,278.5151,1,1,0.0,False,
72296914,1001-01-02-01,1001,2,2023-03-13 18:14:00+00:00,1098060.2,0.0,278.5151,1,1,0.0,False,
72297331,1001-01-02-01,1001,2,2023-03-13 18:16:00+00:00,1098067.0,283.59268,278.5151,1,1,141.03831,False,
72297748,1001-01-02-01,1001,2,2023-03-13 18:18:00+00:00,1098074.9,280.4832,278.5151,1,1,139.51253,False,
72298165,1001-01-02-01,1001,2,2023-03-13 18:20:00+00:00,1098085.9,279.42456,278.5151,1,1,139.04378,False,
72298582,1001-01-02-01,1001,2,2023-03-13 18:22:00+00:00,1098094.0,280.10605,278.5151,1,1,139.42352,False,
72298999,1001-01-02-01,1001,2,2023-03-13 18:24:00+00:00,1098104.2,278.11127,278.5151,1,1,138.51367,False,
72299416,1001-01-02-01,1001,2,2023-03-13 18:26:00+00:00,1098111.9,277.83133,278.5151,1,1,138.34593,False,
72299833,1001-01-02-01,1001,2,2023-03-13 18:28:00+00:00,1098121.9,276.3461,278.5151,1,1,137.68442,False,
72300250,1001-01-02-01,1001,2,2023-03-13 18:30:00+00:00,1098130.0,276.7777,278.5151,1,1,137.88272,False,
72300667,1001-01-02-01,1001,2,2023-03-13 18:32:00+00:00,1098140.5,271.56543,278.5151,1,1,134.94254,False,
72301084,1001-01-02-01,1001,2,2023-03-13 18:34:00+00:00,1098147.8,270.02332,278.5151,1,1,134.20728,False,
72301501,1001-01-02-01,1001,2,2023-03-13 18:36:00+00:00,1098157.9,271.62283,278.5151,1,1,135.07314,False,
72301918,1001-01-02-01,1001,2,2023-03-13 18:38:00+00:00,1098167.5,270.6203,278.5151,1,1,134.50882,False,
72302335,1001-01-02-01,1001,2,2023-03-13 18:40:00+00:00,1098175.4,270.65665,278.5151,1,1,134.56253,False,
72302752,1001-01-02-01,1001,2,2023-03-13 18:42:00+00:00,1098185.1,269.7563,278.5151,1,1,134.05244,False,
72303169,1001-01-02-01,1001,2,2023-03-13 18:44:00+00:00,1098194.9,272.85895,278.5151,1,1,135.78311,False,
72303586,1001-01-02-01,1001,2,2023-03-13 18:46:00+00:00,1098204.4,272.83105,278.5151,1,1,135.66145,False,
72304003,1001-01-02-01,1001,2,2023-03-13 18:48:00+00:00,1098211.8,272.2833,278.5151,1,1,135.51503,False,
72304420,1001-01-02-01,1001,2,2023-03-13 18:50:00+00:00,1098222.5,271.25525,278.5151,1,1,135.00995,False,
72304837,1001-01-02-01,1001,2,2023-03-13 18:52:00+00:00,1098229.9,271.75003,278.5151,1,1,135.14345,False,
72305254,1001-01-02-01,1001,2,2023-03-13 18:54:00+00:00,1098238.9,197.82127,278.5151,1,1,98.34564,False,
72305671,1001-01-02-01,1001,2,2023-03-13 18:56:00+00:00,1098246.5,237.40839,278.5151,1,1,118.17066,False,
72306088,1001-01-02-01,1001,2,2023-03-13 18:58:00+00:00,1098253.9,274.47717,278.5151,1,1,136.64081,False,
72306505,1001-01-02-01,1001,2,2023-03-13 19:00:00+00:00,1098261.2,169.91936,278.5151,1,1,84.43971,False,
72306922,1001-01-02-01,1001,2,2023-03-13 19:02:00+00:00,1098270.4,274.74423,278.5151,1,1,136.68452,False,
72307339,1001-01-02-01,1001,2,2023-03-13 19:04:00+00:00,1098276.5,199.01788,278.5151,1,1,99.02084,False,
72307756,1001-01-02-01,1001,2,2023-03-13 19:06:00+00:00,1098283.0,209.07407,278.5151,1,1,104.12253,False,
72308173,1001-01-02-01,1001,2,2023-03-13 19:08:00+00:00,1098292.0,200.06836,278.5151,1,1,99.48775,False,
72308590,1001-01-02-01,1001,2,2023-03-13 19:10:00+00:00,1098298.2,170.6172,278.5151,1,1,84.89423,False,
72309007,1001-01-02-01,1001,2,2023-03-13 19:12:00+00:00,1098304.9,277.16165,278.5151,1,1,137.76158,False,
72309424,1001-01-02-01,1001,2,2023-03-13 19:14:00+00:00,1098310.8,132.01498,278.5151,1,1,65.60853,False,
72309841,1001-01-02-01,1001,2,2023-03-13 19:16:00+00:00,1098317.2,208.01096,278.5151,1,1,103.43443,False,
72310258,1001-01-02-01,1001,2,2023-03-13 19:18:00+00:00,1098324.8,236.6879,278.5151,1,1,117.68613,False,
72310675,1001-01-02-01,1001,2,2023-03-13 19:20:00+00:00,1098329.9,170.1424,278.5151,1,1,84.546364,False,
72311092,1001-01-02-01,1001,2,2023-03-13 19:22:00+00:00,1098337.1,273.63318,278.5151,1,1,136.08647,False,
72311509,1001-01-02-01,1001,2,2023-03-13 19:24:00+00:00,1098343.8,130.6335,278.5151,1,1,64.88593,False,
72311926,1001-01-02-01,1001,2,2023-03-13 19:26:00+00:00,1098349.4,168.11967,278.5151,1,1,83.529076,False,
72312343,1001-01-02-01,1001,2,2023-03-13 19:28:00+00:00,1098355.6,275.80203,278.5151,1,1,137.20409,False,
72312760,1001-01-02-01,1001,2,2023-03-13 19:30:00+00:00,1098362.2,130.41045,278.5151,1,1,64.65603,False,
72313177,1001-01-02-01,1001,2,2023-03-13 19:32:00+00:00,1098367.9,206.51808,278.5151,1,1,102.70366,False,
72313594,1001-01-02-01,1001,2,2023-03-13 19:34:00+00:00,1098374.4,231.26967,278.5151,1,1,114.824936,False,
72314011,1001-01-02-01,1001,2,2023-03-13 19:36:00+00:00,1098380.2,166.9149,278.5151,1,1,82.774086,False,
72314428,1001-01-02-01,1001,2,2023-03-13 19:38:00+00:00,1098387.1,240.89053,278.5151,1,1,119.66302,False,
72314845,1001-01-02-01,1001,2,2023-03-13 19:40:00+00:00,1098393.8,133.83966,278.5151,1,1,63.77858,False,
72315262,1001-01-02-01,1001,2,2023-03-13 19:42:00+00:00,1098398.8,165.98032,278.5151,1,1,82.285065,False,
72315679,1001-01-02-01,1001,2,2023-03-13 19:44:00+00:00,1098405.6,270.90024,278.5151,1,1,134.66446,False,
72316096,1001-01-02-01,1001,2,2023-03-13 19:46:00+00:00,1098411.9,128.87624,278.5151,1,1,63.845993,False,
72316513,1001-01-02-01,1001,2,2023-03-13 19:48:00+00:00,1098417.2,166.57045,278.5151,1,1,82.65242,False,
72316930,1001-01-02-01,1001,2,2023-03-13 19:50:00+00:00,1098424.2,270.21292,278.5151,1,1,134.3358,False,
72317347,1001-01-02-01,1001,2,2023-03-13 19:52:00+00:00,1098430.2,168.88522,278.5151,1,1,84.11501,False,
72317764,1001-01-02-01,1001,2,2023-03-13 19:54:00+00:00,1098435.8,208.65009,278.5151,1,1,104.04564,False,
72318181,1001-01-02-01,1001,2,2023-03-13 19:56:00+00:00,1098443.5,179.98103,278.5151,1,1,80.267876,False,
72318598,1001-01-02-01,1001,2,2023-03-13 19:58:00+00:00,1098449.0,171.01143,278.5151,1,1,85.082,False,
72319015,1001-01-02-01,1001,2,2023-03-13 20:00:00+00:00,1098454.5,207.59013,278.5151,1,1,103.29433,False,
72319432,1001-01-02-01,1001,2,2023-03-13 20:02:00+00:00,1098460.8,173.8942,278.5151,1,1,80.68079,False,
72319849,1001-01-02-01,1001,2,2023-03-13 20:04:00+00:00,1098466.9,167.0421,278.5151,1,1,83.04085,False,
72320266,1001-01-02-01,1001,2,2023-03-13 20:06:00+00:00,1098472.8,204.93304,278.5151,1,1,101.88441,False,
72320683,1001-01-02-01,1001,2,2023-03-13 20:08:00+00:00,1098478.8,160.42252,278.5151,1,1,79.6888,False,
72321100,1001-01-02-01,1001,2,2023-03-13 20:10:00+00:00,1098485.2,166.92833,278.5151,1,1,82.716415,False,
72321517,1001-01-02-01,1001,2,2023-03-13 20:12:00+00:00,1098490.5,240.4044,278.5151,1,1,119.448654,False,
72321934,1001-01-02-01,1001,2,2023-03-13 20:14:00+00:00,1098498.5,129.03265,278.5151,1,1,63.835983,False,
72322351,1001-01-02-01,1001,2,2023-03-13 20:16:00+00:00,1098503.0,166.93729,278.5151,1,1,82.83965,False,
72322768,1001-01-02-01,1001,2,2023-03-13 20:18:00+00:00,1098511.1,271.63443,278.5151,1,1,135.12265,False,
72323185,1001-01-02-01,1001,2,2023-03-13 20:20:00+00:00,1098517.8,129.9575,278.5151,1,1,64.50698,False,
72323602,1001-01-02-01,1001,2,2023-03-13 20:22:00+00:00,1098523.4,245.88373,278.5151,1,1,122.3425,False,
72324019,1001-01-02-01,1001,2,2023-03-13 20:24:00+00:00,1098530.1,227.24452,278.5151,1,1,108.82368,False,
72324436,1001-01-02-01,1001,2,2023-03-13 20:26:00+00:00,1098535.1,169.89276,278.5151,1,1,84.4621,False,
72324853,1001-01-02-01,1001,2,2023-03-13 20:28:00+00:00,1098541.2,246.67558,278.5151,1,1,122.74515,False,
72325270,1001-01-02-01,1001,2,2023-03-13 20:30:00+00:00,1098549.1,130.36067,278.5151,1,1,64.68157,False,
72325687,1001-01-02-01,1001,2,2023-03-13 20:32:00+00:00,1098553.0,169.63994,278.5151,1,1,84.2588,False,
72326104,1001-01-02-01,1001,2,2023-03-13 20:34:00+00:00,1098560.6,272.04813,278.5151,1,1,135.24353,False,
72326521,1001-01-02-01,1001,2,2023-03-13 20:36:00+00:00,1098566.4,129.43741,278.5151,1,1,64.0543,False,
72326938,1001-01-02-01,1001,2,2023-03-13 20:38:00+00:00,1098571.6,208.3525,278.5151,1,1,103.57109,False,
72327355,1001-01-02-01,1001,2,2023-03-13 20:40:00+00:00,1098580.2,273.4965,278.5151,1,1,136.082,False,
72327772,1001-01-02-01,1001,2,2023-03-13 20:42:00+00:00,1098586.1,163.85779,278.5151,1,1,81.45923,False,
72328189,1001-01-02-01,1001,2,2023-03-13 20:44:00+00:00,1098593.4,238.10675,278.5151,1,1,118.4893,False,
72328606,1001-01-02-01,1001,2,2023-03-13 20:46:00+00:00,1098601.0,229.97957,278.5151,1,1,114.6003,False,
72329023,1001-01-02-01,1001,2,2023-03-13 20:48:00+00:00,1098607.6,164.7239,278.5151,1,1,81.82553,False,
72329440,1001-01-02-01,1001,2,2023-03-13 20:50:00+00:00,1098616.0,265.6948,278.5151,1,1,132.36049,False,
72329857,1001-01-02-01,1001,2,2023-03-13 20:52:00+00:00,1098622.4,165.99821,278.5151,1,1,82.8149,False,
72330274,1001-01-02-01,1001,2,2023-03-13 20:54:00+00:00,1098628.6,204.43954,278.5151,1,1,101.819626,False,
72330691,1001-01-02-01,1001,2,2023-03-13 20:56:00+00:00,1098636.8,233.58522,278.5151,1,1,116.44948,False,
72331108,1001-01-02-01,1001,2,2023-03-13 20:58:00+00:00,1098643.4,166.82722,278.5151,1,1,82.983444,False,
72331525,1001-01-02-01,1001,2,2023-03-13 21:00:00+00:00,1098648.0,184.31694,278.5151,1,1,90.71379,False,
72331942,1001-01-02-01,1001,2,2023-03-13 21:02:00+00:00,1098656.8,195.40935,278.5151,1,1,97.31625,False,
72332359,1001-01-02-01,1001,2,2023-03-13 21:04:00+00:00,1098661.4,167.21458,278.5151,1,1,83.090096,False,
72332776,1001-01-02-01,1001,2,2023-03-13 21:06:00+00:00,1098666.4,202.58246,278.5151,1,1,100.71834,False,
72333193,1001-01-02-01,1001,2,2023-03-13 21:08:00+00:00,1098675.8,227.25215,278.5151,1,1,113.083206,False,
72333610,1001-01-02-01,1001,2,2023-03-13 21:10:00+00:00,1098680.2,163.00563,278.5151,1,1,80.97258,False,
72334027,1001-01-02-01,1001,2,2023-03-13 21:12:00+00:00,1098687.6,265.1939,278.5151,1,1,132.00601,False,
72334444,1001-01-02-01,1001,2,2023-03-13 21:14:00+00:00,1098695.4,127.64512,278.5151,1,1,63.410164,False,
72334861,1001-01-02-01,1001,2,2023-03-13 21:16:00+00:00,1098699.2,165.19528,278.5151,1,1,82.18052,False,
72335278,1001-01-02-01,1001,2,2023-03-13 21:18:00+00:00,1098705.9,239.17197,278.5151,1,1,119.136856,False,
72335695,1001-01-02-01,1001,2,2023-03-13 21:20:00+00:00,1098713.4,128.324,278.5151,1,1,63.720905,False,
72336112,1001-01-02-01,1001,2,2023-03-13 21:22:00+00:00,1098717.4,166.06537,278.5151,1,1,82.648735,False,
72336529,1001-01-02-01,1001,2,2023-03-13 21:24:00+00:00,1098724.6,166.2102,278.5151,1,1,82.68876,False,
72336946,1001-01-02-01,1001,2,2023-03-13 21:26:00+00:00,1098729.8,194.77628,278.5151,1,1,96.92387,False,
72337363,1001-01-02-01,1001,2,2023-03-13 21:28:00+00:00,1098735.6,165.23216,278.5151,1,1,82.03621,False,
72337780,1001-01-02-01,1001,2,2023-03-13 21:30:00+00:00,1098742.1,200.72801,278.5151,1,1,99.659706,False,
72338197,1001-01-02-01,1001,2,2023-03-13 21:32:00+00:00,1098747.9,194.1095,278.5151,1,1,96.490944,False,
72338614,1001-01-02-01,1001,2,2023-03-13 21:34:00+00:00,1098753.4,163.63026,278.5151,1,1,81.213264,False,
72339031,1001-01-02-01,1001,2,2023-03-13 21:36:00+00:00,1098760.1,199.67993,278.5151,1,1,99.56912,False,
72339448,1001-01-02-01,1001,2,2023-03-13 21:38:00+00:00,1098765.5,193.33607,278.5151,1,1,96.09092,False,
72339865,1001-01-02-01,1001,2,2023-03-13 21:40:00+00:00,1098770.2,164.27438,278.5151,1,1,81.57352,False,
72340282,1001-01-02-01,1001,2,2023-03-13 21:42:00+00:00,1098777.6,203.69191,278.5151,1,1,101.433304,False,
72340699,1001-01-02-01,1001,2,2023-03-13 21:44:00+00:00,1098782.8,196.86562,278.5151,1,1,98.03622,False,
72341116,1001-01-02-01,1001,2,2023-03-13 21:46:00+00:00,1098788.5,166.73979,278.5151,1,1,82.907074,False,
72341533,1001-01-02-01,1001,2,2023-03-13 21:48:00+00:00,1098795.2,201.78612,278.5151,1,1,100.343346,False,
72341950,1001-01-02-01,1001,2,2023-03-13 21:50:00+00:00,1098800.2,127.48053,278.5151,1,1,63.24189,False,
72342367,1001-01-02-01,1001,2,2023-03-13 21:52:00+00:00,1098806.0,193.58098,278.5151,1,1,96.22207,False,
72342784,1001-01-02-01,1001,2,2023-03-13 21:54:00+00:00,1098812.5,128.08331,278.5151,1,1,63.638744,False,
72343201,1001-01-02-01,1001,2,2023-03-13 21:56:00+00:00,1098816.5,165.62453,278.5151,1,1,82.27005,False,
72343618,1001-01-02-01,1001,2,2023-03-13 21:58:00+00:00,1098824.5,214.86359,278.5151,1,1,99.876175,False,
72344035,1001-01-02-01,1001,2,2023-03-13 22:00:00+00:00,1098829.8,166.48119,278.5151,1,1,82.74696,False,
72344452,1001-01-02-01,1001,2,2023-03-13 22:02:00+00:00,1098835.5,205.3083,278.5151,1,1,102.15749,False,
72344869,1001-01-02-01,1001,2,2023-03-13 22:04:00+00:00,1098841.6,197.58821,278.5151,1,1,98.19579,False,
72345286,1001-01-02-01,1001,2,2023-03-13 22:06:00+00:00,1098847.1,167.46292,278.5151,1,1,83.31314,False,
72345703,1001-01-02-01,1001,2,2023-03-13 22:08:00+00:00,1098852.0,205.49738,278.5151,1,1,102.21964,False,
72346120,1001-01-02-01,1001,2,2023-03-13 22:10:00+00:00,1098859.8,159.91295,278.5151,1,1,79.26139,False,
72346537,1001-01-02-01,1001,2,2023-03-13 22:12:00+00:00,1098865.2,167.82027,278.5151,1,1,83.4198,False,
72346954,1001-01-02-01,1001,2,2023-03-13 22:14:00+00:00,1098870.8,203.64241,278.5151,1,1,101.268456,False,
72347371,1001-01-02-01,1001,2,2023-03-13 22:16:00+00:00,1098877.8,128.88597,278.5151,1,1,64.005844,False,
72347788,1001-01-02-01,1001,2,2023-03-13 22:18:00+00:00,1098882.8,165.68564,278.5151,1,1,82.31587,False,
72348205,1001-01-02-01,1001,2,2023-03-13 22:20:00+00:00,1098890.5,268.06064,278.5151,1,1,133.62662,False,
72348622,1001-01-02-01,1001,2,2023-03-13 22:22:00+00:00,1098896.1,128.80328,278.5151,1,1,63.93,False,
72349039,1001-01-02-01,1001,2,2023-03-13 22:24:00+00:00,1098900.4,168.0225,278.5151,1,1,83.53092,False,
72349456,1001-01-02-01,1001,2,2023-03-13 22:26:00+00:00,1098909.0,232.59558,278.5151,1,1,115.907,False,
72349873,1001-01-02-01,1001,2,2023-03-13 22:28:00+00:00,1098913.8,129.60963,278.5151,1,1,64.45352,False,
72350290,1001-01-02-01,1001,2,2023-03-13 22:30:00+00:00,1098920.0,206.23474,278.5151,1,1,102.717354,False,
72350707,1001-01-02-01,1001,2,2023-03-13 22:32:00+00:00,1098926.5,231.77608,278.5151,1,1,115.47038,False,
72351124,1001-01-02-01,1001,2,2023-03-13 22:34:00+00:00,1098931.8,129.88982,278.5151,1,1,64.50355,False,
72351541,1001-01-02-01,1001,2,2023-03-13 22:36:00+00:00,1098937.9,204.93752,278.5151,1,1,101.83674,False,
72351958,1001-01-02-01,1001,2,2023-03-13 22:38:00+00:00,1098945.8,160.34695,278.5151,1,1,79.86181,False,
72352375,1001-01-02-01,1001,2,2023-03-13 22:40:00+00:00,1098949.4,169.05928,278.5151,1,1,84.1532,False,
72352792,1001-01-02-01,1001,2,2023-03-13 22:42:00+00:00,1098955.0,167.35837,278.5151,1,1,83.2107,False,
72353209,1001-01-02-01,1001,2,2023-03-13 22:44:00+00:00,1098962.8,197.0955,278.5151,1,1,98.067024,False,
72353626,1001-01-02-01,1001,2,2023-03-13 22:46:00+00:00,1098968.0,168.83438,278.5151,1,1,84.07366,False,
72354043,1001-01-02-01,1001,2,2023-03-13 22:48:00+00:00,1098972.4,168.61002,278.5151,1,1,83.855095,False,
72354460,1001-01-02-01,1001,2,2023-03-13 22:50:00+00:00,1098980.0,197.02678,278.5151,1,1,97.89191,False,
72354877,1001-01-02-01,1001,2,2023-03-13 22:52:00+00:00,1098985.2,129.86191,278.5151,1,1,64.46458,False,
72355294,1001-01-02-01,1001,2,2023-03-13 22:54:00+00:00,1098991.0,205.69199,278.5151,1,1,102.26099,False,
72355711,1001-01-02-01,1001,2,2023-03-13 22:56:00+00:00,1098997.2,199.16035,278.5151,1,1,99.08168,False,
72356128,1001-01-02-01,1001,2,2023-03-13 22:58:00+00:00,1099002.0,130.69485,278.5151,1,1,65.02207,False,
72356545,1001-01-02-01,1001,2,2023-03-13 23:00:00+00:00,1099007.6,168.4349,278.5151,1,1,83.76846,False,
72356962,1001-01-02-01,1001,2,2023-03-13 23:02:00+00:00,1099014.6,168.43886,278.5151,1,1,83.76451,False,
72357379,1001-01-02-01,1001,2,2023-03-13 23:04:00+00:00,1099019.8,130.09023,278.5151,1,1,64.65129,False,
72357796,1001-01-02-01,1001,2,2023-03-13 23:06:00+00:00,1099025.5,204.93015,278.5151,1,1,101.92049,False,
72358213,1001-01-02-01,1001,2,2023-03-13 23:08:00+00:00,1099032.5,166.39217,278.5151,1,1,82.673225,False,
72358630,1001-01-02-01,1001,2,2023-03-13 23:10:00+00:00,1099038.8,167.0508,278.5151,1,1,83.00319,False,
72359047,1001-01-02-01,1001,2,2023-03-13 23:12:00+00:00,1099044.1,203.88573,278.5151,1,1,101.228424,False,
72359464,1001-01-02-01,1001,2,2023-03-13 23:14:00+00:00,1099053.2,234.24435,278.5151,1,1,116.73521,False,
72359881,1001-01-02-01,1001,2,2023-03-13 23:16:00+00:00,1099059.4,168.55894,278.5151,1,1,83.882484,False,
72360298,1001-01-02-01,1001,2,2023-03-13 23:18:00+00:00,1099064.8,273.58737,278.5151,1,1,136.40671,False,
72360715,1001-01-02-01,1001,2,2023-03-13 23:20:00+00:00,1099073.0,130.56451,278.5151,1,1,65.02234,False,
72361132,1001-01-02-01,1001,2,2023-03-13 23:22:00+00:00,1099077.5,169.49617,278.5151,1,1,84.34464,False,
72361549,1001-01-02-01,1001,2,2023-03-13 23:24:00+00:00,1099085.8,273.2682,278.5151,1,1,136.30453,False,
72361966,1001-01-02-01,1001,2,2023-03-13 23:26:00+00:00,1099091.2,131.60626,278.5151,1,1,65.42103,False,
72362383,1001-01-02-01,1001,2,2023-03-13 23:28:00+00:00,1099097.4,207.47163,278.5151,1,1,103.26641,False,
72362800,1001-01-02-01,1001,2,2023-03-13 23:30:00+00:00,1099103.8,161.55804,278.5151,1,1,80.54307,False,
72363217,1001-01-02-01,1001,2,2023-03-13 23:32:00+00:00,1099109.4,169.276,278.5151,1,1,84.263535,False,
72363634,1001-01-02-01,1001,2,2023-03-13 23:34:00+00:00,1099114.1,206.68292,278.5151,1,1,102.83795,False,
72364051,1001-01-02-01,1001,2,2023-03-13 23:36:00+00:00,1099121.6,129.38342,278.5151,1,1,64.19255,False,
72364468,1001-01-02-01,1001,2,2023-03-13 23:38:00+00:00,1099127.2,166.79692,278.5151,1,1,82.85361,False,
72364885,1001-01-02-01,1001,2,2023-03-13 23:40:00+00:00,1099133.9,242.71152,278.5151,1,1,120.73823,False,
72365302,1001-01-02-01,1001,2,2023-03-13 23:42:00+00:00,1099139.1,197.33727,278.5151,1,1,98.06545,False,
72365719,1001-01-02-01,1001,2,2023-03-13 23:44:00+00:00,1099145.2,166.8841,278.5151,1,1,82.89496,False,
72366136,1001-01-02-01,1001,2,2023-03-13 23:46:00+00:00,1099151.9,234.4079,278.5151,1,1,116.60748,False,
72366553,1001-01-02-01,1001,2,2023-03-13 23:48:00+00:00,1099158.1,130.64166,278.5151,1,1,64.90567,False,
72366970,1001-01-02-01,1001,2,2023-03-13 23:50:00+00:00,1099162.5,207.81213,278.5151,1,1,103.42942,False,
72367387,1001-01-02-01,1001,2,2023-03-13 23:52:00+00:00,1099169.8,198.51439,278.5151,1,1,98.7691,False,
72367804,1001-01-02-01,1001,2,2023-03-13 23:54:00+00:00,1099175.5,130.61928,278.5151,1,1,64.93438,False,
72368221,1001-01-02-01,1001,2,2023-03-13 23:56:00+00:00,1099179.5,208.37543,278.5151,1,1,103.77888,False,
72368638,1001-01-02-01,1001,2,2023-03-13 23:58:00+00:00,1099187.6,219.21634,278.5151,1,1,101.733505,False,
72369055,1001-01-02-01,1001,2,2023-03-14 00:00:00+00:00,1099193.0,129.78818,278.5151,1,1,64.49513,False,
72369472,1001-01-02-01,1001,2,2023-03-14 00:02:00+00:00,1099198.8,206.51018,278.5151,1,1,102.746315,False,
72369889,1001-01-02-01,1001,2,2023-03-14 00:04:00+00:00,1099204.6,131.30634,278.5151,1,1,65.26909,False,
72370306,1001-01-02-01,1001,2,2023-03-14 00:06:00+00:00,1099209.5,131.07039,278.5151,1,1,65.210625,False,
72370723,1001-01-02-01,1001,2,2023-03-14 00:08:00+00:00,1099215.2,168.67006,278.5151,1,1,83.83929,False,
72371140,1001-01-02-01,1001,2,2023-03-14 00:10:00+00:00,1099222.0,130.70276,278.5151,1,1,64.97151,False,
72371557,1001-01-02-01,1001,2,2023-03-14 00:12:00+00:00,1099227.5,130.67773,278.5151,1,1,64.34134,False,
72371974,1001-01-02-01,1001,2,2023-03-14 00:14:00+00:00,1099233.8,168.34535,278.5151,1,1,83.68682,False,
72372391,1001-01-02-01,1001,2,2023-03-14 00:16:00+00:00,1099240.0,130.15764,278.5151,1,1,64.67973,False,
72372808,1001-01-02-01,1001,2,2023-03-14 00:18:00+00:00,1099244.8,199.19801,278.5151,1,1,99.212555,False,
72373225,1001-01-02-01,1001,2,2023-03-14 00:20:00+00:00,1099251.0,168.64372,278.5151,1,1,83.985176,False,
72373642,1001-01-02-01,1001,2,2023-03-14 00:22:00+00:00,1099257.6,131.01271,278.5151,1,1,65.06236,False,
72374059,1001-01-02-01,1001,2,2023-03-14 00:24:00+00:00,1099261.5,131.50937,278.5151,1,1,65.44105,False,
72374476,1001-01-02-01,1001,2,2023-03-14 00:26:00+00:00,1099269.0,169.39005,278.5151,1,1,84.42918,False,
72374893,1001-01-02-01,1001,2,2023-03-14 00:28:00+00:00,1099273.6,167.88373,278.5151,1,1,83.47747,False,
72375310,1001-01-02-01,1001,2,2023-03-14 00:30:00+00:00,1099279.2,130.27798,278.5151,1,1,64.71107,False,
72375727,1001-01-02-01,1001,2,2023-03-14 00:32:00+00:00,1099285.2,235.2382,278.5151,1,1,117.10124,False,
72376144,1001-01-02-01,1001,2,2023-03-14 00:34:00+00:00,1099291.0,167.38469,278.5151,1,1,83.26916,False,
72376561,1001-01-02-01,1001,2,2023-03-14 00:36:00+00:00,1099296.0,168.73616,278.5151,1,1,83.89012,False,
72376978,1001-01-02-01,1001,2,2023-03-14 00:38:00+00:00,1099302.9,169.40479,278.5151,1,1,84.372826,False,
72377395,1001-01-02-01,1001,2,2023-03-14 00:40:00+00:00,1099308.5,161.38107,278.5151,1,1,80.4214,False,
72377812,1001-01-02-01,1001,2,2023-03-14 00:42:00+00:00,1099314.5,169.36554,278.5151,1,1,84.37835,False,
72378229,1001-01-02-01,1001,2,2023-03-14 00:44:00+00:00,1099321.6,237.31517,278.5151,1,1,118.33236,False,
72378646,1001-01-02-01,1001,2,2023-03-14 00:46:00+00:00,1099326.4,131.86514,278.5151,1,1,65.64672,False,
72379063,1001-01-02-01,1001,2,2023-03-14 00:48:00+00:00,1099331.8,169.51776,278.5151,1,1,84.43102,False,
72379480,1001-01-02-01,1001,2,2023-03-14 00:50:00+00:00,1099338.8,131.76955,278.5151,1,1,65.717545,False,
72379897,1001-01-02-01,1001,2,2023-03-14 00:52:00+00:00,1099344.5,130.88893,278.5151,1,1,65.096596,False,
72380314,1001-01-02-01,1001,2,2023-03-14 00:54:00+00:00,1099348.6,168.93314,278.5151,1,1,84.1029,False,
72380731,1001-01-02-01,1001,2,2023-03-14 00:56:00+00:00,1099355.5,204.63362,278.5151,1,1,101.76932,False,
72381148,1001-01-02-01,1001,2,2023-03-14 00:58:00+00:00,1099359.9,168.36748,278.5151,1,1,83.67101,False,
72381565,1001-01-02-01,1001,2,2023-03-14 01:00:00+00:00,1099367.6,168.1239,278.5151,1,1,83.61598,False,
72381982,1001-01-02-01,1001,2,2023-03-14 01:02:00+00:00,1099373.8,206.91362,278.5151,1,1,103.0302,False,
72382399,1001-01-02-01,1001,2,2023-03-14 01:04:00+00:00,1099379.4,206.39748,278.5151,1,1,102.77001,False,
72382816,1001-01-02-01,1001,2,2023-03-14 01:06:00+00:00,1099386.2,169.27127,278.5151,1,1,84.22403,False,
72383233,1001-01-02-01,1001,2,2023-03-14 01:08:00+00:00,1099391.9,207.67363,278.5151,1,1,103.5927,False,
72383650,1001-01-02-01,1001,2,2023-03-14 01:10:00+00:00,1099399.4,200.17606,278.5151,1,1,99.74029,False,
72384067,1001-01-02-01,1001,2,2023-03-14 01:12:00+00:00,1099404.6,170.4555,278.5151,1,1,84.8858,False,
72384484,1001-01-02-01,1001,2,2023-03-14 01:14:00+00:00,1099411.5,207.14299,278.5151,1,1,103.16267,False,
72384901,1001-01-02-01,1001,2,2023-03-14 01:16:00+00:00,1099418.6,199.19301,278.5151,1,1,99.20702,False,
72385318,1001-01-02-01,1001,2,2023-03-14 01:18:00+00:00,1099423.5,168.10336,278.5151,1,1,83.58755,False,
72385735,1001-01-02-01,1001,2,2023-03-14 01:20:00+00:00,1099430.1,206.28793,278.5151,1,1,102.71841,False,
72386152,1001-01-02-01,1001,2,2023-03-14 01:22:00+00:00,1099437.0,197.79942,278.5151,1,1,98.47284,False,
72386569,1001-01-02-01,1001,2,2023-03-14 01:24:00+00:00,1099443.0,168.99135,278.5151,1,1,83.994675,False,
72386986,1001-01-02-01,1001,2,2023-03-14 01:26:00+00:00,1099448.5,208.09496,278.5151,1,1,103.72699,False,
72387403,1001-01-02-01,1001,2,2023-03-14 01:28:00+00:00,1099455.6,161.56937,278.5151,1,1,80.39323,False,
72387820,1001-01-02-01,1001,2,2023-03-14 01:30:00+00:00,1099462.0,170.03549,278.5151,1,1,84.670654,False,
72388237,1001-01-02-01,1001,2,2023-03-14 01:32:00+00:00,1099467.8,207.54459,278.5151,1,1,103.359375,False,
72388654,1001-01-02-01,1001,2,2023-03-14 01:34:00+00:00,1099474.5,132.277,278.5151,1,1,65.9011,False,
72389071,1001-01-02-01,1001,2,2023-03-14 01:36:00+00:00,1099479.2,169.4888,278.5151,1,1,84.30357,False,
72389488,1001-01-02-01,1001,2,2023-03-14 01:38:00+00:00,1099486.4,274.23386,278.5151,1,1,136.7256,False,
72389905,1001-01-02-01,1001,2,2023-03-14 01:40:00+00:00,1099492.4,130.47707,278.5151,1,1,64.80587,False,
72390322,1001-01-02-01,1001,2,2023-03-14 01:42:00+00:00,1099498.1,187.49597,278.5151,1,1,102.77528,False,
72390739,1001-01-02-01,1001,2,2023-03-14 01:44:00+00:00,1099505.0,234.86664,278.5151,1,1,135.80023,False,
72391156,1001-01-02-01,1001,2,2023-03-14 01:46:00+00:00,1099509.8,130.9445,278.5151,1,1,65.22221,False,
72391573,1001-01-02-01,1001,2,2023-03-14 01:48:00+00:00,1099515.2,168.95,278.5151,1,1,84.09552,False,
72391990,1001-01-02-01,1001,2,2023-03-14 01:50:00+00:00,1099523.0,199.4798,278.5151,1,1,99.34002,False,
72392407,1001-01-02-01,1001,2,2023-03-14 01:52:00+00:00,1099528.1,157.48785,278.5151,1,1,84.787575,False,
72392824,1001-01-02-01,1001,2,2023-03-14 01:54:00+00:00,1099534.2,208.84416,278.5151,1,1,104.07434,False,
72393241,1001-01-02-01,1001,2,2023-03-14 01:56:00+00:00,1099541.6,200.53973,278.5151,1,1,99.857475,False,
72393658,1001-01-02-01,1001,2,2023-03-14 01:58:00+00:00,1099545.9,131.67606,278.5151,1,1,65.428665,False,
72394075,1001-01-02-01,1001,2,2023-03-14 02:00:00+00:00,1099552.0,169.57516,278.5151,1,1,84.34675,False,
72394492,1001-01-02-01,1001,2,2023-03-14 02:02:00+00:00,1099558.4,198.92625,278.5151,1,1,99.11249,False,
72394909,1001-01-02-01,1001,2,2023-03-14 02:04:00+00:00,1099563.4,170.16925,278.5151,1,1,84.720695,False,
72395326,1001-01-02-01,1001,2,2023-03-14 02:06:00+00:00,1099569.6,207.57881,278.5151,1,1,103.36253,False,
72395743,1001-01-02-01,1001,2,2023-03-14 02:08:00+00:00,1099577.0,200.27509,278.5151,1,1,99.789795,False,
72396160,1001-01-02-01,1001,2,2023-03-14 02:10:00+00:00,1099581.1,171.26291,278.5151,1,1,85.29556,False,
72396577,1001-01-02-01,1001,2,2023-03-14 02:12:00+00:00,1099587.8,208.6938,278.5151,1,1,104.0093,False,
72396994,1001-01-02-01,1001,2,2023-03-14 02:14:00+00:00,1099594.9,200.31775,278.5151,1,1,99.80297,False,
72397411,1001-01-02-01,1001,2,2023-03-14 02:16:00+00:00,1099599.0,171.04907,278.5151,1,1,85.198654,False,
72397828,1001-01-02-01,1001,2,2023-03-14 02:18:00+00:00,1099605.1,208.86945,278.5151,1,1,103.935295,False,
72398245,1001-01-02-01,1001,2,2023-03-14 02:20:00+00:00,1099612.5,198.21365,278.5151,1,1,98.61583,False,
72398662,1001-01-02-01,1001,2,2023-03-14 02:22:00+00:00,1099617.4,169.53961,278.5151,1,1,84.33385,False,
72399079,1001-01-02-01,1001,2,2023-03-14 02:24:00+00:00,1099622.4,207.06555,278.5151,1,1,103.04678,False,
72399496,1001-01-02-01,1001,2,2023-03-14 02:26:00+00:00,1099629.0,199.67097,278.5151,1,1,99.35318,False,
72399913,1001-01-02-01,1001,2,2023-03-14 02:28:00+00:00,1099634.6,169.97359,278.5151,1,1,84.53082,False,
72400330,1001-01-02-01,1001,2,2023-03-14 02:30:00+00:00,1099641.4,207.99463,278.5151,1,1,103.59453,False,
72400747,1001-01-02-01,1001,2,2023-03-14 02:32:00+00:00,1099648.0,199.81555,278.5151,1,1,99.49196,False,
72401164,1001-01-02-01,1001,2,2023-03-14 02:34:00+00:00,1099654.5,170.56322,278.5151,1,1,84.934525,False,
72401581,1001-01-02-01,1001,2,2023-03-14 02:36:00+00:00,1099660.8,168.32141,278.5151,1,1,83.58807,False,
72401998,1001-01-02-01,1001,2,2023-03-14 02:38:00+00:00,1099667.5,161.44058,278.5151,1,1,80.30659,False,
72402415,1001-01-02-01,1001,2,2023-03-14 02:40:00+00:00,1099672.5,168.82411,278.5151,1,1,83.87431,False,
72402832,1001-01-02-01,1001,2,2023-03-14 02:42:00+00:00,1099677.5,132.24487,278.5151,1,1,65.82209,False,
72403249,1001-01-02-01,1001,2,2023-03-14 02:44:00+00:00,1099684.9,201.87146,278.5151,1,1,100.616165,False,
72403666,1001-01-02-01,1001,2,2023-03-14 02:46:00+00:00,1099690.6,170.1798,278.5151,1,1,84.72596,False,
72404083,1001-01-02-01,1001,2,2023-03-14 02:48:00+00:00,1099695.5,132.26515,278.5151,1,1,65.79919,False,
72404500,1001-01-02-01,1001,2,2023-03-14 02:50:00+00:00,1099702.9,273.33087,278.5151,1,1,136.19603,False,
72404917,1001-01-02-01,1001,2,2023-03-14 02:52:00+00:00,1099708.2,131.54518,278.5151,1,1,65.346245,False,
72405334,1001-01-02-01,1001,2,2023-03-14 02:54:00+00:00,1099712.2,169.11827,278.5151,1,1,84.07787,False,
72405751,1001-01-02-01,1001,2,2023-03-14 02:56:00+00:00,1099719.2,168.7101,278.5151,1,1,83.849304,False,
72406168,1001-01-02-01,1001,2,2023-03-14 02:58:00+00:00,1099725.1,130.72989,278.5151,1,1,64.93702,False,
72406585,1001-01-02-01,1001,2,2023-03-14 03:00:00+00:00,1099729.6,168.14786,278.5151,1,1,83.543564,False,
72407002,1001-01-02-01,1001,2,2023-03-14 03:02:00+00:00,1099736.2,168.3501,278.5151,1,1,83.63678,False,
72407419,1001-01-02-01,1001,2,2023-03-14 03:04:00+00:00,1099742.5,235.53578,278.5151,1,1,117.21343,False,
72407836,1001-01-02-01,1001,2,2023-03-14 03:06:00+00:00,1099748.5,167.69887,278.5151,1,1,83.24573,False,
72408253,1001-01-02-01,1001,2,2023-03-14 03:08:00+00:00,1099753.9,207.85426,278.5151,1,1,103.499466,False,
72408670,1001-01-02-01,1001,2,2023-03-14 03:10:00+00:00,1099759.5,199.48189,278.5151,1,1,99.2115,False,
72409087,1001-01-02-01,1001,2,2023-03-14 03:12:00+00:00,1099766.2,170.43944,278.5151,1,1,84.84551,False,
72409504,1001-01-02-01,1001,2,2023-03-14 03:14:00+00:00,1099770.9,170.50897,278.5151,1,1,84.81128,False,
72409921,1001-01-02-01,1001,2,2023-03-14 03:16:00+00:00,1099776.4,132.39735,278.5151,1,1,65.925064,False,
72410338,1001-01-02-01,1001,2,2023-03-14 03:18:00+00:00,1099782.5,170.37387,278.5151,1,1,84.82892,False,
72410755,1001-01-02-01,1001,2,2023-03-14 03:20:00+00:00,1099788.6,132.08028,278.5151,1,1,65.78444,False,
72411172,1001-01-02-01,1001,2,2023-03-14 03:22:00+00:00,1099793.9,209.18124,278.5151,1,1,104.14492,False,
72411589,1001-01-02-01,1001,2,2023-03-14 03:24:00+00:00,1099799.6,132.07819,278.5151,1,1,65.72387,False,
72412006,1001-01-02-01,1001,2,2023-03-14 03:26:00+00:00,1099804.9,170.8579,278.5151,1,1,85.02432,False,
72412423,1001-01-02-01,1001,2,2023-03-14 03:28:00+00:00,1099811.4,169.98808,278.5151,1,1,84.56163,False,
72412840,1001-01-02-01,1001,2,2023-03-14 03:30:00+00:00,1099815.1,170.74176,278.5151,1,1,84.928734,False,
72413257,1001-01-02-01,1001,2,2023-03-14 03:32:00+00:00,1099822.5,171.15125,278.5151,1,1,85.2371,False,
72413674,1001-01-02-01,1001,2,2023-03-14 03:34:00+00:00,1099827.5,170.25565,278.5151,1,1,84.67541,False,
72414091,1001-01-02-01,1001,2,2023-03-14 03:36:00+00:00,1099833.6,169.16699,278.5151,1,1,84.120285,False,
72414508,1001-01-02-01,1001,2,2023-03-14 03:38:00+00:00,1099839.8,170.13687,278.5151,1,1,84.643005,False,
72414925,1001-01-02-01,1001,2,2023-03-14 03:40:00+00:00,1099844.0,170.35175,278.5151,1,1,84.79259,False,
72415342,1001-01-02-01,1001,2,2023-03-14 03:42:00+00:00,1099851.0,170.30067,278.5151,1,1,84.80628,False,
72415759,1001-01-02-01,1001,2,2023-03-14 03:44:00+00:00,1099857.2,131.01613,278.5151,1,1,65.05578,False,
72416176,1001-01-02-01,1001,2,2023-03-14 03:46:00+00:00,1099861.5,168.61792,278.5151,1,1,83.810326,False,
72416593,1001-01-02-01,1001,2,2023-03-14 03:48:00+00:00,1099868.5,161.26863,278.5151,1,1,80.252075,False,
72417010,1001-01-02-01,1001,2,2023-03-14 03:50:00+00:00,1099874.0,170.15872,278.5151,1,1,84.69699,False,
72417427,1001-01-02-01,1001,2,2023-03-14 03:52:00+00:00,1099878.5,131.07617,278.5151,1,1,65.21378,False,
72417844,1001-01-02-01,1001,2,2023-03-14 03:54:00+00:00,1099883.9,207.99463,278.5151,1,1,103.56609,False,
72418261,1001-01-02-01,1001,2,2023-03-14 03:56:00+00:00,1099890.5,169.58754,278.5151,1,1,84.5066,False,
72418678,1001-01-02-01,1001,2,2023-03-14 03:58:00+00:00,1099896.4,131.4567,278.5151,1,1,65.352036,False,
72419095,1001-01-02-01,1001,2,2023-03-14 04:00:00+00:00,1099900.9,206.73164,278.5151,1,1,102.82822,False,
72419512,1001-01-02-01,1001,2,2023-03-14 04:02:00+00:00,1099909.2,218.2067,278.5151,1,1,100.831314,False,
72419929,1001-01-02-01,1001,2,2023-03-14 04:04:00+00:00,1099914.6,169.00925,278.5151,1,1,84.15742,False,
72420346,1001-01-02-01,1001,2,2023-03-14 04:06:00+00:00,1099921.0,248.43076,278.5151,1,1,121.53405,False,
72420763,1001-01-02-01,1001,2,2023-03-14 04:08:00+00:00,1099928.2,198.85936,278.5151,1,1,98.980286,False,
72421180,1001-01-02-01,1001,2,2023-03-14 04:10:00+00:00,1099934.0,170.20824,278.5151,1,1,84.67645,False,
72421597,1001-01-02-01,1001,2,2023-03-14 04:12:00+00:00,1099943.9,257.45987,278.5151,1,1,119.083664,False,
72422014,1001-01-02-01,1001,2,2023-03-14 04:14:00+00:00,1099948.8,170.36913,278.5151,1,1,84.80154,False,
72422431,1001-01-02-01,1001,2,2023-03-14 04:16:00+00:00,1099955.5,241.3074,278.5151,1,1,120.308464,False,
72422848,1001-01-02-01,1001,2,2023-03-14 04:18:00+00:00,1099963.2,170.35255,278.5151,1,1,84.857635,False,
72423265,1001-01-02-01,1001,2,2023-03-14 04:20:00+00:00,1099968.2,169.94095,278.5151,1,1,84.619835,False,
72423682,1001-01-02-01,1001,2,2023-03-14 04:22:00+00:00,1099975.8,200.57397,278.5151,1,1,99.89066,False,
72424099,1001-01-02-01,1001,2,2023-03-14 04:24:00+00:00,1099982.5,170.51318,278.5151,1,1,84.91926,False,
72424516,1001-01-02-01,1001,2,2023-03-14 04:26:00+00:00,1099987.5,209.0651,278.5151,1,1,104.18152,False,
72424933,1001-01-02-01,1001,2,2023-03-14 04:28:00+00:00,1099995.2,131.05695,278.5151,1,1,65.19825,False,
72425350,1001-01-02-01,1001,2,2023-03-14 04:30:00+00:00,1100000.8,169.99889,278.5151,1,1,84.661446,False,
72425767,1001-01-02-01,1001,2,2023-03-14 04:32:00+00:00,1100006.8,275.5395,278.5151,1,1,137.29285,False,
72426184,1001-01-02-01,1001,2,2023-03-14 04:34:00+00:00,1100013.9,131.45038,278.5151,1,1,65.490555,False,
72426601,1001-01-02-01,1001,2,2023-03-14 04:36:00+00:00,1100018.5,168.8689,278.5151,1,1,84.00177,False,
72427018,1001-01-02-01,1001,2,2023-03-14 04:38:00+00:00,1100026.8,236.27313,278.5151,1,1,117.82912,False,
72427435,1001-01-02-01,1001,2,2023-03-14 04:40:00+00:00,1100031.5,130.65219,278.5151,1,1,64.86459,False,
72427852,1001-01-02-01,1001,2,2023-03-14 04:42:00+00:00,1100037.9,209.44958,278.5151,1,1,104.40694,False,
72428269,1001-01-02-01,1001,2,2023-03-14 04:44:00+00:00,1100044.0,199.75946,278.5151,1,1,99.46272,False,
72428686,1001-01-02-01,1001,2,2023-03-14 04:46:00+00:00,1100049.2,170.72859,278.5151,1,1,85.011955,False,
72429103,1001-01-02-01,1001,2,2023-03-14 04:48:00+00:00,1100055.6,168.69008,278.5151,1,1,83.942,False,
72429520,1001-01-02-01,1001,2,2023-03-14 04:50:00+00:00,1100061.2,198.79959,278.5151,1,1,98.923676,False,
72429937,1001-01-02-01,1001,2,2023-03-14 04:52:00+00:00,1100067.5,169.81953,278.5151,1,1,84.52003,False,
72430354,1001-01-02-01,1001,2,2023-03-14 04:54:00+00:00,1100074.1,206.27106,278.5151,1,1,102.693115,False,
72430771,1001-01-02-01,1001,2,2023-03-14 04:56:00+00:00,1100080.0,198.86305,278.5151,1,1,99.082466,False,
72431188,1001-01-02-01,1001,2,2023-03-14 04:58:00+00:00,1100086.5,167.84055,278.5151,1,1,83.46745,False,
72431605,1001-01-02-01,1001,2,2023-03-14 05:00:00+00:00,1100092.2,207.01053,278.5151,1,1,102.894844,False,
72432022,1001-01-02-01,1001,2,2023-03-14 05:02:00+00:00,1100099.5,198.34032,278.5151,1,1,98.77884,False,
72432439,1001-01-02-01,1001,2,2023-03-14 05:04:00+00:00,1100105.5,130.96425,278.5151,1,1,65.26408,False,
72432856,1001-01-02-01,1001,2,2023-03-14 05:06:00+00:00,1100111.1,204.02846,278.5151,1,1,101.79777,False,
72433273,1001-01-02-01,1001,2,2023-03-14 05:08:00+00:00,1100118.4,166.83221,278.5151,1,1,83.19016,False,
72433690,1001-01-02-01,1001,2,2023-03-14 05:10:00+00:00,1100122.5,168.67691,278.5151,1,1,84.13371,False,
72434107,1001-01-02-01,1001,2,2023-03-14 05:12:00+00:00,1100128.5,168.27954,278.5151,1,1,83.78531,False,
72434524,1001-01-02-01,1001,2,2023-03-14 05:14:00+00:00,1100136.0,198.7053,278.5151,1,1,98.983185,False,
72434941,1001-01-02-01,1001,2,2023-03-14 05:16:00+00:00,1100140.0,168.76697,278.5151,1,1,84.03205,False,
72435358,1001-01-02-01,1001,2,2023-03-14 05:18:00+00:00,1100147.2,205.48236,278.5151,1,1,102.34104,False,
72435775,1001-01-02-01,1001,2,2023-03-14 05:20:00+00:00,1100153.5,234.08267,278.5151,1,1,116.660416,False,
72436192,1001-01-02-01,1001,2,2023-03-14 05:22:00+00:00,1100161.0,166.95914,278.5151,1,1,83.00214,False,
72436609,1001-01-02-01,1001,2,2023-03-14 05:24:00+00:00,1100168.0,273.95154,278.5151,1,1,136.48386,False,
72437026,1001-01-02-01,1001,2,2023-03-14 05:26:00+00:00,1100175.2,132.51295,278.5151,1,1,65.98327,False,
72437443,1001-01-02-01,1001,2,2023-03-14 05:28:00+00:00,1100176.9,14.896091,278.5151,1,1,7.273978,False,
72437860,1001-01-02-01,1001,2,2023-03-14 05:30:00+00:00,1100177.4,15.5088825,278.5151,1,1,7.606576,False,
72438277,1001-01-02-01,1001,2,2023-03-14 05:32:00+00:00,1100178.0,15.74747,278.5151,1,1,7.727713,False,
72438694,1001-01-02-01,1001,2,2023-03-14 05:34:00+00:00,1100178.5,15.76722,278.5151,1,1,7.735349,False,
72439111,1001-01-02-01,1001,2,2023-03-14 05:36:00+00:00,1100179.0,16.011072,278.5151,1,1,7.866493,False,
72439528,1001-01-02-01,1001,2,2023-03-14 05:38:00+00:00,1100179.5,16.105612,278.5151,1,1,7.9094176,False,
72439945,1001-01-02-01,1001,2,2023-03-14 05:40:00+00:00,1100180.2,16.166706,278.5151,1,1,7.953658,False,
72440362,1001-01-02-01,1001,2,2023-03-14 05:42:00+00:00,1100180.6,16.24729,278.5151,1,1,7.982626,False,
72440779,1001-01-02-01,1001,2,2023-03-14 05:44:00+00:00,1100181.0,16.359734,278.5151,1,1,8.03187,False,
72441196,1001-01-02-01,1001,2,2023-03-14 05:46:00+00:00,1100181.8,16.452168,278.5151,1,1,8.083749,False,
72441613,1001-01-02-01,1001,2,2023-03-14 05:48:00+00:00,1100182.4,16.58568,278.5151,1,1,8.160907,False,
72442030,1001-01-02-01,1001,2,2023-03-14 05:50:00+00:00,1100182.8,16.4943,278.5151,1,1,8.102181,False,
72442447,1001-01-02-01,1001,2,2023-03-14 05:52:00+00:00,1100183.2,16.709187,278.5151,1,1,8.210678,False,
72442864,1001-01-02-01,1001,2,2023-03-14 05:54:00+00:00,1100183.9,16.644932,278.5151,1,1,8.174337,False,
72443281,1001-01-02-01,1001,2,2023-03-14 05:56:00+00:00,1100184.5,16.765541,278.5151,1,1,8.218578,False,
72443698,1001-01-02-01,1001,2,2023-03-14 05:58:00+00:00,1100185.0,16.505625,278.5151,1,1,8.104026,False,
72444115,1001-01-02-01,1001,2,2023-03-14 06:00:00+00:00,1100185.5,16.450323,278.5151,1,1,8.106659,False,
72444532,1001-01-02-01,1001,2,2023-03-14 06:02:00+00:00,1100186.0,16.594635,278.5151,1,1,8.163541,False,
72444949,1001-01-02-01,1001,2,2023-03-14 06:04:00+00:00,1100186.8,16.505098,278.5151,1,1,8.13984,False,
72445366,1001-01-02-01,1001,2,2023-03-14 06:06:00+00:00,1100187.1,16.539595,278.5151,1,1,8.143263,False,
72445783,1001-01-02-01,1001,2,2023-03-14 06:08:00+00:00,1100187.8,16.523531,278.5151,1,1,8.1377325,False,
72446200,1001-01-02-01,1001,2,2023-03-14 06:10:00+00:00,1100188.5,16.506414,278.5151,1,1,8.132729,False,
72446617,1001-01-02-01,1001,2,2023-03-14 06:12:00+00:00,1100188.9,16.577517,278.5151,1,1,8.1453705,False,
72447034,1001-01-02-01,1001,2,2023-03-14 06:14:00+00:00,1100189.4,16.622284,278.5151,1,1,8.190664,False,
72447451,1001-01-02-01,1001,2,2023-03-14 06:16:00+00:00,1100190.0,16.633871,278.5151,1,1,8.1896105,False,
72447868,1001-01-02-01,1001,2,2023-03-14 06:18:00+00:00,1100190.6,16.62597,278.5151,1,1,8.183291,False,
72448285,1001-01-02-01,1001,2,2023-03-14 06:20:00+00:00,1100191.1,16.53117,278.5151,1,1,8.137469,False,
72448702,1001-01-02-01,1001,2,2023-03-14 06:22:00+00:00,1100191.5,16.703657,278.5151,1,1,8.229375,False,
72449119,1001-01-02-01,1001,2,2023-03-14 06:24:00+00:00,1100192.2,16.68496,278.5151,1,1,8.207518,False,
72449536,1001-01-02-01,1001,2,2023-03-14 06:26:00+00:00,1100192.8,16.702076,278.5151,1,1,8.221475,False,
72449953,1001-01-02-01,1001,2,2023-03-14 06:28:00+00:00,1100193.2,16.69997,278.5151,1,1,8.239909,False,
72450370,1001-01-02-01,1001,2,2023-03-14 06:30:00+00:00,1100194.0,16.730518,278.5151,1,1,8.255182,False,
72450787,1001-01-02-01,1001,2,2023-03-14 06:32:00+00:00,1100194.5,16.84112,278.5151,1,1,8.303637,False,
72451204,1001-01-02-01,1001,2,2023-03-14 06:34:00+00:00,1100194.9,16.732624,278.5151,1,1,8.257289,False,
72451621,1001-01-02-01,1001,2,2023-03-14 06:36:00+00:00,1100195.5,16.841646,278.5151,1,1,8.312063,False,
72452038,1001-01-02-01,1001,2,2023-03-14 06:38:00+00:00,1100196.0,16.942507,278.5151,1,1,8.330762,False,
72452455,1001-01-02-01,1001,2,2023-03-14 06:40:00+00:00,1100196.8,16.918016,278.5151,1,1,8.331552,False,
72452872,1001-01-02-01,1001,2,2023-03-14 06:42:00+00:00,1100197.2,16.847178,278.5151,1,1,8.304954,False,
72453289,1001-01-02-01,1001,2,2023-03-14 06:44:00+00:00,1100197.9,16.873774,278.5151,1,1,8.323124,False,
72453706,1001-01-02-01,1001,2,2023-03-14 06:46:00+00:00,1100198.4,16.923546,278.5151,1,1,8.351829,False,
72454123,1001-01-02-01,1001,2,2023-03-14 06:48:00+00:00,1100199.0,16.941189,278.5151,1,1,8.352092,False,
72454540,1001-01-02-01,1001,2,2023-03-14 06:50:00+00:00,1100199.5,16.95541,278.5151,1,1,8.379479,False,
72454957,1001-01-02-01,1001,2,2023-03-14 06:52:00+00:00,1100200.0,16.858765,278.5151,1,1,8.3086405,False,
72455374,1001-01-02-01,1001,2,2023-03-14 06:54:00+00:00,1100200.5,17.036257,278.5151,1,1,8.410817,False,
72455791,1001-01-02-01,1001,2,2023-03-14 06:56:00+00:00,1100201.2,17.050476,278.5151,1,1,8.401337,False,
72456208,1001-01-02-01,1001,2,2023-03-14 06:58:00+00:00,1100201.8,16.990698,278.5151,1,1,8.387906,False,
72456625,1001-01-02-01,1001,2,2023-03-14 07:00:00+00:00,1100202.2,17.061008,278.5151,1,1,8.414503,False,
72457042,1001-01-02-01,1001,2,2023-03-14 07:02:00+00:00,1100202.8,17.14001,278.5151,1,1,8.457165,False,
72457459,1001-01-02-01,1001,2,2023-03-14 07:04:00+00:00,1100203.4,17.16187,278.5151,1,1,8.445841,False,
72457876,1001-01-02-01,1001,2,2023-03-14 07:06:00+00:00,1100204.0,17.145277,278.5151,1,1,8.454004,False,
72458293,1001-01-02-01,1001,2,2023-03-14 07:08:00+00:00,1100204.6,17.146067,278.5151,1,1,8.462694,False,
72458710,1001-01-02-01,1001,2,2023-03-14 07:10:00+00:00,1100205.2,17.101828,278.5151,1,1,8.431094,False,
72459127,1001-01-02-01,1001,2,2023-03-14 07:12:00+00:00,1100205.6,17.190836,278.5151,1,1,8.482709,False,
72459544,1001-01-02-01,1001,2,2023-03-14 07:14:00+00:00,1100206.2,17.081285,278.5151,1,1,8.41898,False,
72459961,1001-01-02-01,1001,2,2023-03-14 07:16:00+00:00,1100207.0,17.128426,278.5151,1,1,8.448211,False,
72460378,1001-01-02-01,1001,2,2023-03-14 07:18:00+00:00,1100207.4,17.224277,278.5151,1,1,8.477704,False,
72460795,1001-01-02-01,1001,2,2023-03-14 07:20:00+00:00,1100208.0,17.186096,278.5151,1,1,8.480075,False,
72461212,1001-01-02-01,1001,2,2023-03-14 07:22:00+00:00,1100208.8,17.125002,278.5151,1,1,8.457955,False,
72461629,1001-01-02-01,1001,2,2023-03-14 07:24:00+00:00,1100209.1,17.287745,278.5151,1,1,8.524316,False,
72462046,1001-01-02-01,1001,2,2023-03-14 07:26:00+00:00,1100209.9,17.249825,278.5151,1,1,8.521156,False,
72462463,1001-01-02-01,1001,2,2023-03-14 07:28:00+00:00,1100210.2,17.1279,278.5151,1,1,8.449791,False,
72462880,1001-01-02-01,1001,2,2023-03-14 07:30:00+00:00,1100211.0,17.24245,278.5151,1,1,8.491135,False,
72463297,1001-01-02-01,1001,2,2023-03-14 07:32:00+00:00,1100211.5,17.262465,278.5151,1,1,8.543277,False,
72463714,1001-01-02-01,1001,2,2023-03-14 07:34:00+00:00,1100212.1,17.23929,278.5151,1,1,8.516942,False,
72464131,1001-01-02-01,1001,2,2023-03-14 07:36:00+00:00,1100212.5,17.320663,278.5151,1,1,8.549334,False,
72464548,1001-01-02-01,1001,2,2023-03-14 07:38:00+00:00,1100213.2,17.26141,278.5151,1,1,8.520629,False,
72464965,1001-01-02-01,1001,2,2023-03-14 07:40:00+00:00,1100213.8,17.279844,278.5151,1,1,8.53169,False,
72465382,1001-01-02-01,1001,2,2023-03-14 07:42:00+00:00,1100214.2,17.336199,278.5151,1,1,8.548017,False,
72465799,1001-01-02-01,1001,2,2023-03-14 07:44:00+00:00,1100214.9,17.380703,278.5151,1,1,8.580934,False,
72466216,1001-01-02-01,1001,2,2023-03-14 07:46:00+00:00,1100215.5,17.426788,278.5151,1,1,8.6048975,False,
72466633,1001-01-02-01,1001,2,2023-03-14 07:48:00+00:00,1100216.1,17.334093,278.5151,1,1,8.54117,False,
72467050,1001-01-02-01,1001,2,2023-03-14 07:50:00+00:00,1100216.6,17.30539,278.5151,1,1,8.544593,False,
72467467,1001-01-02-01,1001,2,2023-03-14 07:52:00+00:00,1100217.4,17.401508,278.5151,1,1,8.586991,False,
72467884,1001-01-02-01,1001,2,2023-03-14 07:54:00+00:00,1100217.8,17.342783,278.5151,1,1,8.564608,False,
72468301,1001-01-02-01,1001,2,2023-03-14 07:56:00+00:00,1100218.4,17.411514,278.5151,1,1,8.606478,False,
72468718,1001-01-02-01,1001,2,2023-03-14 07:58:00+00:00,1100218.6,0.0,278.5151,1,1,0.0,False,
72469135,1001-01-02-01,1001,2,2023-03-14 08:00:00+00:00,1100218.6,0.0,278.5151,1,1,0.0,False,
72469552,1001-01-02-01,1001,2,2023-03-14 08:02:00+00:00,1100218.6,0.0,278.5151,1,1,0.0,False,
72469969,1001-01-02-01,1001,2,2023-03-14 08:04:00+00:00,1100218.6,0.0,278.5151,1,1,0.0,False,
72470386,1001-01-02-01,1001,2,2023-03-14 08:06:00+00:00,1100218.6,0.0,278.5151,1,1,0.0,False,
72470803,1001-01-02-01,1001,2,2023-03-14 08:08:00+00:00,1100218.6,0.0,278.5151,1,1,0.0,False,
72471220,1001-01-02-01,1001,2,2023-03-14 08:10:00+00:00,1100218.6,0.0,278.5151,1,1,0.0,False,
72471637,1001-01-02-01,1001,2,2023-03-14 08:12:00+00:00,1100218.6,0.0,278.5151,1,1,0.0,False,
72472054,1001-01-02-01,1001,2,2023-03-14 08:14:00+00:00,1100218.6,0.0,278.5151,1,1,0.0,False,
72472471,1001-01-02-01,1001,2,2023-03-14 08:16:00+00:00,1100218.6,0.0,278.5151,1,1,0.0,False,
72472888,1001-01-02-01,1001,2,2023-03-14 08:18:00+00:00,1100218.6,0.0,278.5151,1,1,0.0,False,
72473305,1001-01-02-01,1001,2,2023-03-14 08:20:00+00:00,1100218.6,0.0,278.5151,1,1,0.0,False,
72473722,1001-01-02-01,1001,2,2023-03-14 08:22:00+00:00,1100218.6,0.0,278.5151,1,1,0.0,False,
72474139,1001-01-02-01,1001,2,2023-03-14 08:24:00+00:00,1100218.6,0.0,278.5151,1,1,0.0,False,
72474556,1001-01-02-01,1001,2,2023-03-14 08:26:00+00:00,1100218.6,0.0,278.5151,1,1,0.0,False,
72474973,1001-01-02-01,1001,2,2023-03-14 08:28:00+00:00,1100218.6,0.0,278.5151,1,1,0.0,False,
72475390,1001-01-02-01,1001,2,2023-03-14 08:30:00+00:00,1100218.6,0.0,278.5151,1,1,0.0,False,
72475807,1001-01-02-01,1001,2,2023-03-14 08:32:00+00:00,1100218.6,0.0,278.5151,1,1,0.0,False,
72476224,1001-01-02-01,1001,2,2023-03-14 08:34:00+00:00,1100218.6,0.0,278.5151,1,1,0.0,False,
72476641,1001-01-02-01,1001,2,2023-03-14 08:36:00+00:00,1100218.6,0.0,278.5151,1,1,0.0,False,
72477058,1001-01-02-01,1001,2,2023-03-14 08:38:00+00:00,1100218.6,0.0,278.5151,1,1,0.0,False,
72477475,1001-01-02-01,1001,2,2023-03-14 08:40:00+00:00,1100218.6,0.0,278.5151,1,1,0.0,False,
72477892,1001-01-02-01,1001,2,2023-03-14 08:42:00+00:00,1100218.6,0.0,278.5151,1,1,0.0,False,
72478309,1001-01-02-01,1001,2,2023-03-14 08:44:00+00:00,1100218.6,0.0,278.5151,1,1,0.0,False,
72478726,1001-01-02-01,1001,2,2023-03-14 08:46:00+00:00,1100218.6,0.0,278.5151,1,1,0.0,False,
72479143,1001-01-02-01,1001,2,2023-03-14 08:48:00+00:00,1100218.6,0.0,278.5151,1,1,0.0,False,
72479560,1001-01-02-01,1001,2,2023-03-14 08:50:00+00:00,1100218.6,0.0,278.5151,1,1,0.0,False,
72479977,1001-01-02-01,1001,2,2023-03-14 08:52:00+00:00,1100218.6,0.0,278.5151,1,1,0.0,False,
72480394,1001-01-02-01,1001,2,2023-03-14 08:54:00+00:00,1100218.6,0.0,278.5151,1,1,0.0,False,
72480811,1001-01-02-01,1001,2,2023-03-14 08:56:00+00:00,1100218.6,0.0,278.5151,1,1,0.0,False,
