timestamp_utc,total_system_power,smooth,Test_cluster
2023-01-26 00:20:00+00:00,104.880165,103.33852362740096,2
2023-01-26 00:22:00+00:00,103.91344,106.34337228022711,2
2023-01-26 00:24:00+00:00,123.934654,109.88604392759625,2
2023-01-26 00:26:00+00:00,122.87919,112.41792749122953,2
2023-01-26 00:28:00+00:00,104.00008,112.97821222212669,2
2023-01-26 00:30:00+00:00,122.665886,111.40718694299062,2
2023-01-26 00:32:00+00:00,103.971375,107.93939058327473,2
2023-01-26 00:34:00+00:00,104.51859,102.971907589373,2
2023-01-26 00:36:00+00:00,104.81302,97.31846037518196,1
2023-01-26 00:38:00+00:00,47.14497,92.31255213131654,1
2023-01-26 00:40:00+00:00,123.60706,89.2023893342818,1
2023-01-26 00:42:00+00:00,47.270584,88.33326223827939,1
2023-01-26 00:44:00+00:00,123.41193,89.05859981497588,1
2023-01-26 00:46:00+00:00,85.098854,90.43179246139418,1
2023-01-26 00:48:00+00:00,65.61143,91.7709708892747,1
2023-01-26 00:50:00+00:00,136.50597,92.5178651468682,1
2023-01-26 00:52:00+00:00,64.99627,92.00741342172881,1
2023-01-26 00:54:00+00:00,118.39687,89.94054045295428,1
2023-01-26 00:56:00+00:00,65.22063,87.0476014881933,1
2023-01-26 00:58:00+00:00,65.5685,84.80176697310357,1
2023-01-26 01:00:00+00:00,104.057495,84.21375774584412,1
2023-01-26 01:02:00+00:00,65.32886,85.02417427581605,1
2023-01-26 01:04:00+00:00,118.87168,86.22186717574515,1
2023-01-26 01:06:00+00:00,65.10344,87.22545139326905,1
2023-01-26 01:08:00+00:00,84.4376,88.31419619278086,1
2023-01-26 01:10:00+00:00,102.93065,89.87975590090052,1
2023-01-26 01:12:00+00:00,72.63497,91.53092565702661,1
2023-01-26 01:14:00+00:00,136.86755,92.26269275202468,1
2023-01-26 01:16:00+00:00,66.02644,91.600988002125,1
2023-01-26 01:18:00+00:00,85.559166,90.3378462925985,1
2023-01-26 01:20:00+00:00,85.22788,89.80657854556677,1
2023-01-26 01:22:00+00:00,85.57445,90.51471067001873,1
2023-01-26 01:24:00+00:00,123.86092,91.87331772551086,1
2023-01-26 01:26:00+00:00,65.89873,93.16396111531652,1
2023-01-26 01:28:00+00:00,85.14915,94.16556869471914,1
2023-01-26 01:30:00+00:00,138.91344,94.80585667944145,1
2023-01-26 01:32:00+00:00,65.9614,94.93105329653761,1
2023-01-26 01:34:00+00:00,85.25079,94.5669178457083,1
2023-01-26 01:36:00+00:00,119.70488,93.8314904980014,1
2023-01-26 01:38:00+00:00,85.595505,92.69981894492763,1
2023-01-26 01:40:00+00:00,84.46683,91.349719453199,1
2023-01-26 01:42:00+00:00,84.182686,90.34834058109345,1
2023-01-26 01:44:00+00:00,83.75477,89.96777349360022,1
2023-01-26 01:46:00+00:00,122.23111,89.72849391814708,1
2023-01-26 01:48:00+00:00,65.83737,89.13538508403796,1
2023-01-26 01:50:00+00:00,84.7012,88.52114568747791,1
2023-01-26 01:52:00+00:00,84.700676,88.64803454254195,1
2023-01-26 01:54:00+00:00,103.65747,89.74663545222523,1
2023-01-26 01:56:00+00:00,84.76494,91.42280689380655,1
2023-01-26 01:58:00+00:00,84.44708,93.29046642037173,1
2023-01-26 02:00:00+00:00,122.50787,95.3249117400582,1
2023-01-26 02:02:00+00:00,65.5369,97.77490130278375,1
2023-01-26 02:04:00+00:00,123.71871,100.88533207522126,1
2023-01-26 02:06:00+00:00,85.10017,104.4339297818761,2
2023-01-26 02:08:00+00:00,138.35094,107.45483563523278,2
2023-01-26 02:10:00+00:00,104.10147,108.76419154589061,2
2023-01-26 02:12:00+00:00,119.89739,108.01884417870747,2
2023-01-26 02:14:00+00:00,84.44129,106.14796218371661,2
2023-01-26 02:16:00+00:00,99.239944,104.54752937787057,2
2023-01-26 02:18:00+00:00,122.419655,103.91191356553868,2
2023-01-26 02:20:00+00:00,84.619835,103.98632222473277,2
2023-01-26 02:22:00+00:00,122.96187,104.22226745452363,2
2023-01-26 02:24:00+00:00,85.90652,104.30267028385163,2
2023-01-26 02:26:00+00:00,124.34363,104.13608859592588,2
2023-01-26 02:28:00+00:00,85.56628,103.77208081477795,2
2023-01-26 02:30:00+00:00,124.36837,103.43722606304583,2
2023-01-26 02:32:00+00:00,66.2013,103.34693690441598,2
2023-01-26 02:34:00+00:00,137.85559,103.25444870425487,2
2023-01-26 02:36:00+00:00,103.60271,102.40276969463359,2
2023-01-26 02:38:00+00:00,81.39445,100.20778423365775,1
2023-01-26 02:40:00+00:00,122.38963,96.92756093562262,1
2023-01-26 02:42:00+00:00,65.844215,93.58443276551667,1
2023-01-26 02:44:00+00:00,84.97402,91.32752076547352,1
2023-01-26 02:46:00+00:00,106.54157,90.79548381892197,1
2023-01-26 02:48:00+00:00,66.24159,91.89270420941764,1
2023-01-26 02:50:00+00:00,123.51305,94.00883132514232,1
2023-01-26 02:52:00+00:00,66.437,96.30352380413747,1
2023-01-26 02:54:00+00:00,138.0731,97.93073486986563,1
2023-01-26 02:56:00+00:00,84.68962,98.42318500137867,1
2023-01-26 02:58:00+00:00,83.60993,97.9782637416467,1
2023-01-26 03:00:00+00:00,121.29651,97.07303701006667,1
2023-01-26 03:02:00+00:00,65.0226,95.74222998815723,1
2023-01-26 03:04:00+00:00,137.893,93.58752484642598,1
2023-01-26 03:06:00+00:00,66.003006,90.66173303195038,1
2023-01-26 03:08:00+00:00,66.01197,87.98545687223492,1
2023-01-26 03:10:00+00:00,104.54888,86.75515181518543,1
2023-01-26 03:12:00+00:00,66.17471,87.15711743394161,1
2023-01-26 03:14:00+00:00,123.25603,88.37181316816564,1
2023-01-26 03:16:00+00:00,65.30806,89.63280012383169,1
2023-01-26 03:18:00+00:00,84.84815,90.789484074571,1
2023-01-26 03:20:00+00:00,121.649124,91.84417262297926,1
2023-01-26 03:22:00+00:00,65.3336,92.54161890493997,1
2023-01-26 03:24:00+00:00,121.738655,92.7137352825079,1
2023-01-26 03:26:00+00:00,65.294624,92.65736074976881,1
2023-01-26 03:28:00+00:00,99.26996,92.8178123921072,1
2023-01-26 03:30:00+00:00,103.45365,93.20766931544428,1
2023-01-26 03:32:00+00:00,85.20471,93.40295857809586,1
2023-01-26 03:34:00+00:00,103.77966,93.17353150169629,1
2023-01-26 03:36:00+00:00,84.64722,92.98416087686208,1
2023-01-26 03:38:00+00:00,84.23326,93.68553708899977,1
2023-01-26 03:40:00+00:00,85.52441,95.5255888014907,1
2023-01-26 03:42:00+00:00,137.15538,97.54503328648569,1
2023-01-26 03:44:00+00:00,84.03891,98.35419999402393,1
2023-01-26 03:46:00+00:00,103.31803,97.62805219928103,1
2023-01-26 03:48:00+00:00,83.13987,96.49056641518365,1
2023-01-26 03:50:00+00:00,83.7969,96.29516879522286,1
2023-01-26 03:52:00+00:00,121.180374,97.29538279350948,1
2023-01-26 03:54:00+00:00,84.11501,98.65121714171183,1
2023-01-26 03:56:00+00:00,121.04371,99.5441997597834,1
2023-01-26 03:58:00+00:00,84.347015,100.00557136873083,1
2023-01-26 04:00:00+00:00,83.90012,100.54779247378876,1
2023-01-26 04:02:00+00:00,136.66951,101.22328990808202,1
2023-01-26 04:04:00+00:00,83.84087,101.5284441032399,1
2023-01-26 04:06:00+00:00,118.35816,101.33453248239063,1
2023-01-26 04:08:00+00:00,64.94254,101.31457361861847,1
2023-01-26 04:10:00+00:00,118.81032,102.0180834916761,1
2023-01-26 04:12:00+00:00,122.79228,102.95600646907751,1
2023-01-26 04:14:00+00:00,84.91294,103.11837994467592,1
2023-01-26 04:16:00+00:00,121.85479,102.09159213375861,1
2023-01-26 04:18:00+00:00,65.812614,100.14047292236599,1
2023-01-26 04:20:00+00:00,136.31032,97.47509923939809,1
2023-01-26 04:22:00+00:00,83.63521,94.13171040404812,1
2023-01-26 04:24:00+00:00,64.99284,90.54771360494378,1
2023-01-26 04:26:00+00:00,102.12325,87.64602851148156,1
2023-01-26 04:28:00+00:00,83.76714,86.26569797556189,1
2023-01-26 04:30:00+00:00,64.5499,86.78366068754686,1
2023-01-26 04:32:00+00:00,103.17477,88.94748980873985,1
2023-01-26 04:34:00+00:00,83.6805,91.65777116158559,1
2023-01-26 04:36:00+00:00,136.25896,93.40287400969403,1
2023-01-26 04:38:00+00:00,64.66314,93.53172424588195,1
2023-01-26 04:40:00+00:00,83.78847,92.85003288608223,1
2023-01-26 04:42:00+00:00,103.08181,92.52449844367273,1
2023-01-26 04:44:00+00:00,84.41233,92.71630071419726,1
2023-01-26 04:46:00+00:00,121.527725,92.75904700231634,1
2023-01-26 04:48:00+00:00,64.74531,92.32054795800154,1
2023-01-26 04:50:00+00:00,83.25389,91.65276845146694,1
2023-01-26 04:52:00+00:00,120.469894,90.77877025666037,1
2023-01-26 04:54:00+00:00,82.75802,89.35038509837544,1
2023-01-26 04:56:00+00:00,82.465454,87.64493648861915,1
2023-01-26 04:58:00+00:00,64.18703,86.81420872306997,1
2023-01-26 05:00:00+00:00,83.74765,87.38383519037525,1
2023-01-26 05:02:00+00:00,136.65268,87.90110775128211,1
2023-01-26 05:04:00+00:00,65.15611,85.63958322292102,1
2023-01-26 05:06:00+00:00,84.69884,78.45768199911338,1
2023-01-26 05:08:00+00:00,102.848236,66.00447882622484,2
2023-01-26 05:10:00+00:00,7.3930073,50.056085463049286,2
2023-01-26 05:12:00+00:00,7.7803802,34.06154730518714,2
2023-01-26 05:14:00+00:00,7.9225845,21.45380527099574,3
2023-01-26 05:16:00+00:00,8.0984955,13.705618258304613,3
2023-01-26 05:18:00+00:00,8.188031,10.031177551179058,3
2023-01-26 05:20:00+00:00,8.27388,8.71379186942513,3
2023-01-26 05:22:00+00:00,8.324178,8.385192171905631,3
2023-01-26 05:24:00+00:00,8.376583,8.36134203464506,3
2023-01-26 05:26:00+00:00,8.4542675,8.404538210876014,3
2023-01-26 05:28:00+00:00,8.474018,8.45598429925206,3
2023-01-26 05:30:00+00:00,8.525369,8.50594654363356,3
2023-01-26 05:32:00+00:00,8.578827,8.553099722811291,3
2023-01-26 05:34:00+00:00,8.662569,8.595460663595611,3
2023-01-26 05:36:00+00:00,8.650192,8.630044751748136,3
2023-01-26 05:38:00+00:00,8.6923275,8.654340021230206,3
2023-01-26 05:40:00+00:00,8.690747,8.667385760827598,3
2023-01-26 05:42:00+00:00,8.695224,8.670021030204765,3
2023-01-26 05:44:00+00:00,8.652562,8.665077472125677,3
2023-01-26 05:46:00+00:00,8.6444,8.657317069476989,3
2023-01-26 05:48:00+00:00,8.619382,8.652156963052576,3
2023-01-26 05:50:00+00:00,8.627019,8.653207510907116,3
2023-01-26 05:52:00+00:00,8.681004,8.66021678938801,3
2023-01-26 05:54:00+00:00,8.692063,8.669420619319178,3
2023-01-26 05:56:00+00:00,8.711815,8.676557452746204,3
2023-01-26 05:58:00+00:00,8.65625,8.680026439882976,3
2023-01-26 06:00:00+00:00,8.65546,8.681304634711529,3
2023-01-26 06:02:00+00:00,8.740519,8.682987139684688,3
2023-01-26 06:04:00+00:00,8.623595,8.687202975785327,3
2023-01-26 06:06:00+00:00,8.701282,8.695230913182955,3
2023-01-26 06:08:00+00:00,8.72261,8.707046382976712,3
2023-01-26 06:10:00+00:00,8.727088,8.720956111084483,3
2023-01-26 06:12:00+00:00,8.7581625,8.734453365463173,3
2023-01-26 06:14:00+00:00,8.7428875,8.74567193719897,3
2023-01-26 06:16:00+00:00,8.778439,8.754094655016415,3
2023-01-26 06:18:00+00:00,8.752895,8.760463724503465,3
2023-01-26 06:20:00+00:00,8.766851,8.766323688639593,3
2023-01-26 06:22:00+00:00,8.758952,8.773124893555083,3
2023-01-26 06:24:00+00:00,8.790289,8.781237668431842,3
2023-01-26 06:26:00+00:00,8.830844,8.789992965409818,3
2023-01-26 06:28:00+00:00,8.763429,8.798748882417591,3
2023-01-26 06:30:00+00:00,8.796873,8.807208482149054,3
2023-01-26 06:32:00+00:00,8.875085,8.81456049257654,3
2023-01-26 06:34:00+00:00,8.8211,8.81976516691389,3
2023-01-26 06:36:00+00:00,8.801613,8.823666504185569,3
2023-01-26 06:38:00+00:00,8.812673,8.829693539803962,3
2023-01-26 06:40:00+00:00,8.80846,8.841159358296798,3
2023-01-26 06:42:00+00:00,8.907475,8.858132371528166,3
2023-01-26 06:44:00+00:00,8.897469,8.877731521634718,3
2023-01-26 06:46:00+00:00,8.891676,8.897352353713176,3
2023-01-26 06:48:00+00:00,8.926173,8.916930176352821,3
2023-01-26 06:50:00+00:00,8.930386,8.938023079992332,3
2023-01-26 06:52:00+00:00,8.972521,8.961289724833819,3
2023-01-26 06:54:00+00:00,9.009389,8.985071651794362,3
2023-01-26 06:56:00+00:00,9.04968,9.00617044382967,3
2023-01-26 06:58:00+00:00,9.028612,9.021891608806966,3
2023-01-26 07:00:00+00:00,9.037566,9.031423070927348,3
2023-01-26 07:02:00+00:00,9.051786,9.03558260482013,3
2023-01-26 07:04:00+00:00,9.038093,9.03600629355433,3
2023-01-26 07:06:00+00:00,9.036776,9.035005462355832,3
2023-01-26 07:08:00+00:00,8.994115,9.035433838451535,3
2023-01-26 07:10:00+00:00,9.044676,9.039495734515443,3
2023-01-26 07:12:00+00:00,9.0594225,9.047476944586094,3
2023-01-26 07:14:00+00:00,9.07733,9.058140875590333,3
2023-01-26 07:16:00+00:00,9.034406,9.070124560258082,3
2023-01-26 07:18:00+00:00,9.111565,9.082212968987294,3
2023-01-26 07:20:00+00:00,9.129471,9.092720987250702,3
2023-01-26 07:22:00+00:00,9.092867,9.099954861362631,3
2023-01-26 07:24:00+00:00,9.106034,9.10346407508399,3
2023-01-26 07:26:00+00:00,9.109458,9.103996427678583,3
2023-01-26 07:28:00+00:00,9.100242,9.101471317426105,3
2023-01-26 07:30:00+00:00,9.10972,9.090237523350643,3
2023-01-26 07:32:00+00:00,9.087601,9.046123870472908,3
2023-01-26 07:34:00+00:00,9.100504,8.898867971413896,3
2023-01-26 07:36:00+00:00,9.092867,8.504431137000982,3
2023-01-26 07:38:00+00:00,9.052576,7.673455956078138,3
2023-01-26 07:40:00+00:00,9.133684,6.305287357662653,3
2023-01-26 07:42:00+00:00,0.0,4.54859148064403,3
2023-01-26 07:44:00+00:00,0.0,2.7910541345314708,3
2023-01-26 07:46:00+00:00,0.0,1.4213919980707055,3
2023-01-26 07:48:00+00:00,0.0,0.590096266678063,3
2023-01-26 07:50:00+00:00,0.0,0.19717920871090358,3
2023-01-26 07:52:00+00:00,0.0,0.05255597991291571,3
2023-01-26 07:54:00+00:00,0.0,0.011102131519057158,0
2023-01-26 07:56:00+00:00,0.0,0.0018491041983589882,0
2023-01-26 07:58:00+00:00,0.0,0.00024068857807422352,0
2023-01-26 08:00:00+00:00,0.0,2.2968975245119732e-05,0
2023-01-26 08:02:00+00:00,0.0,0.0,0
2023-01-26 08:04:00+00:00,0.0,0.0,0
2023-01-26 08:06:00+00:00,0.0,0.0,0
2023-01-26 08:08:00+00:00,0.0,0.0,0
2023-01-26 08:10:00+00:00,0.0,0.0,0
2023-01-26 08:12:00+00:00,0.0,0.0,0
2023-01-26 08:14:00+00:00,0.0,0.0,0
2023-01-26 08:16:00+00:00,0.0,0.0,0
2023-01-26 08:18:00+00:00,0.0,0.0,0
2023-01-26 08:20:00+00:00,0.0,0.0,0
2023-01-26 08:22:00+00:00,0.0,0.0,0
2023-01-26 08:24:00+00:00,0.0,0.0,0
2023-01-26 08:26:00+00:00,0.0,0.0,0
2023-01-26 08:28:00+00:00,0.0,0.0,0
2023-01-26 08:30:00+00:00,0.0,0.0,0
2023-01-26 08:32:00+00:00,0.0,0.0,0
2023-01-26 08:34:00+00:00,0.0,0.0,0
2023-01-26 08:36:00+00:00,0.0,0.0,0
2023-01-26 08:38:00+00:00,0.0,0.0,0
2023-01-26 08:40:00+00:00,0.0,0.0,0
2023-01-26 08:42:00+00:00,0.0,0.0,0
2023-01-26 08:44:00+00:00,0.0,0.0,0
2023-01-26 08:46:00+00:00,0.0,0.0,0
2023-01-26 08:48:00+00:00,0.0,0.0,0
2023-01-26 08:50:00+00:00,0.0,0.0,0
2023-01-26 08:52:00+00:00,0.0,0.0,0
2023-01-26 08:54:00+00:00,0.0,0.0,0
2023-01-26 08:56:00+00:00,0.0,0.0,0
2023-01-26 08:58:00+00:00,0.0,0.0,0
2023-01-26 09:00:00+00:00,0.0,0.0,0
2023-01-26 09:02:00+00:00,0.0,0.0,0
2023-01-26 09:04:00+00:00,0.0,0.0,0
2023-01-26 09:06:00+00:00,0.0,0.0,0
2023-01-26 09:08:00+00:00,0.0,0.0,0
2023-01-26 09:10:00+00:00,0.0,0.0,0
2023-01-26 09:12:00+00:00,0.0,0.0,0
2023-01-26 09:14:00+00:00,0.0,0.0,0
2023-01-26 09:16:00+00:00,0.0,0.0,0
2023-01-26 09:18:00+00:00,0.0,0.0,0
2023-01-26 09:20:00+00:00,0.0,0.0,0
2023-01-26 09:22:00+00:00,0.0,0.0,0
2023-01-26 09:24:00+00:00,0.0,0.0,0
2023-01-26 09:26:00+00:00,0.0,0.0,0
2023-01-26 09:28:00+00:00,0.0,0.0,0
2023-01-26 09:30:00+00:00,0.0,0.0,0
2023-01-26 09:32:00+00:00,0.0,0.0,0
2023-01-26 09:34:00+00:00,0.0,0.0,0
2023-01-26 09:36:00+00:00,0.0,0.0,0
2023-01-26 09:38:00+00:00,0.0,0.0,0
2023-01-26 09:40:00+00:00,0.0,0.0,0
2023-01-26 09:42:00+00:00,0.0,0.0,0
2023-01-26 09:44:00+00:00,0.0,0.0,0
2023-01-26 09:46:00+00:00,0.0,0.0,0
2023-01-26 09:48:00+00:00,0.0,0.0,0
2023-01-26 09:50:00+00:00,0.0,0.0,0
2023-01-26 09:52:00+00:00,0.0,0.0,0
2023-01-26 09:54:00+00:00,0.0,0.0,0
2023-01-26 09:56:00+00:00,0.0,0.0,0
2023-01-26 09:58:00+00:00,0.0,0.0,0
2023-01-26 10:00:00+00:00,0.0,0.0,0
2023-01-26 10:02:00+00:00,0.0,0.0,0
2023-01-26 10:04:00+00:00,0.0,0.0,0
2023-01-26 10:06:00+00:00,0.0,0.0,0
2023-01-26 10:08:00+00:00,0.0,0.0,0
2023-01-26 10:10:00+00:00,0.0,0.0,0
2023-01-26 10:12:00+00:00,0.0,0.0,0
2023-01-26 10:14:00+00:00,0.0,0.0,0
2023-01-26 10:16:00+00:00,0.0,0.0,0
2023-01-26 10:18:00+00:00,0.0,0.0,0
2023-01-26 10:20:00+00:00,0.0,0.0,0
2023-01-26 10:22:00+00:00,0.0,0.0,0
2023-01-26 10:24:00+00:00,0.0,0.0,0
2023-01-26 10:26:00+00:00,0.0,0.0,0
2023-01-26 10:28:00+00:00,0.0,0.0,0
2023-01-26 10:30:00+00:00,0.0,0.0,0
2023-01-26 10:32:00+00:00,0.0,0.0,0
2023-01-26 10:34:00+00:00,0.0,0.0,0
2023-01-26 10:36:00+00:00,0.0,0.0,0
2023-01-26 10:38:00+00:00,0.0,0.0,0
2023-01-26 10:40:00+00:00,0.0,0.0,0
2023-01-26 10:42:00+00:00,0.0,0.0,0
2023-01-26 10:44:00+00:00,0.0,0.0,0
2023-01-26 10:46:00+00:00,0.0,0.0,0
2023-01-26 10:48:00+00:00,0.0,0.0,0
2023-01-26 10:50:00+00:00,0.0,0.0,0
2023-01-26 10:52:00+00:00,0.0,0.0,0
2023-01-26 10:54:00+00:00,0.0,0.0,0
2023-01-26 10:56:00+00:00,0.0,0.0,0
2023-01-26 10:58:00+00:00,0.0,0.0,0
2023-01-26 11:00:00+00:00,0.0,0.0,0
2023-01-26 11:02:00+00:00,0.0,0.0,0
2023-01-26 11:04:00+00:00,0.0,0.0,0
2023-01-26 11:06:00+00:00,0.0,0.0,0
2023-01-26 11:08:00+00:00,0.0,0.0,0
2023-01-26 11:10:00+00:00,0.0,0.0,0
2023-01-26 11:12:00+00:00,0.0,0.0,0
2023-01-26 11:14:00+00:00,0.0,0.0,0
2023-01-26 11:16:00+00:00,0.0,0.0,0
2023-01-26 11:18:00+00:00,0.0,0.0,0
2023-01-26 11:20:00+00:00,0.0,0.0,0
2023-01-26 11:22:00+00:00,0.0,0.0,0
2023-01-26 11:24:00+00:00,0.0,0.0,0
2023-01-26 11:26:00+00:00,0.0,0.0,0
2023-01-26 11:28:00+00:00,0.0,0.0,0
2023-01-26 11:30:00+00:00,0.0,0.0,0
2023-01-26 11:32:00+00:00,0.0,0.0,0
2023-01-26 11:34:00+00:00,0.0,0.0,0
2023-01-26 11:36:00+00:00,0.0,0.0,0
2023-01-26 11:38:00+00:00,0.0,0.0,0
2023-01-26 11:40:00+00:00,0.0,0.0,0
2023-01-26 11:42:00+00:00,0.0,0.0,0
2023-01-26 11:44:00+00:00,0.0,0.0,0
2023-01-26 11:46:00+00:00,0.0,0.0,0
2023-01-26 11:48:00+00:00,0.0,0.0,0
2023-01-26 11:50:00+00:00,0.0,0.0,0
2023-01-26 11:52:00+00:00,0.0,0.0,0
2023-01-26 11:54:00+00:00,0.0,0.0,0
2023-01-26 11:56:00+00:00,0.0,0.0,0
2023-01-26 11:58:00+00:00,0.0,0.0,0
2023-01-26 12:00:00+00:00,0.0,0.0,0
2023-01-26 12:02:00+00:00,0.0,0.0,0
2023-01-26 12:04:00+00:00,0.0,0.0,0
2023-01-26 12:06:00+00:00,0.0,0.0,0
2023-01-26 12:08:00+00:00,0.0,0.0,0
2023-01-26 12:10:00+00:00,0.0,0.0,0
2023-01-26 12:12:00+00:00,0.0,0.0,0
2023-01-26 12:14:00+00:00,0.0,0.0,0
2023-01-26 12:16:00+00:00,0.0,0.0,0
2023-01-26 12:18:00+00:00,0.0,0.0,0
2023-01-26 12:20:00+00:00,0.0,0.0,0
2023-01-26 12:22:00+00:00,0.0,0.0,0
2023-01-26 12:24:00+00:00,0.0,0.0,0
2023-01-26 12:26:00+00:00,0.0,0.0,0
2023-01-26 12:28:00+00:00,0.0,0.0,0
2023-01-26 12:30:00+00:00,0.0,0.0,0
2023-01-26 12:32:00+00:00,0.0,0.0,0
2023-01-26 12:34:00+00:00,0.0,0.0,0
2023-01-26 12:36:00+00:00,0.0,0.0,0
2023-01-26 12:38:00+00:00,0.0,0.0,0
2023-01-26 12:40:00+00:00,0.0,0.0,0
2023-01-26 12:42:00+00:00,0.0,0.0,0
2023-01-26 12:44:00+00:00,0.0,0.0,0
2023-01-26 12:46:00+00:00,0.0,0.0,0
2023-01-26 12:48:00+00:00,0.0,0.0,0
2023-01-26 12:50:00+00:00,0.0,0.0,0
2023-01-26 12:52:00+00:00,0.0,0.0,0
2023-01-26 12:54:00+00:00,0.0,0.0,0
2023-01-26 12:56:00+00:00,0.0,0.0,0
2023-01-26 12:58:00+00:00,0.0,0.0,0
2023-01-26 13:00:00+00:00,0.0,0.0,0
2023-01-26 13:02:00+00:00,0.0,0.0,0
2023-01-26 13:04:00+00:00,0.0,0.0,0
2023-01-26 13:06:00+00:00,0.0,0.0,0
2023-01-26 13:08:00+00:00,0.0,0.0,0
2023-01-26 13:10:00+00:00,0.0,0.0,0
2023-01-26 13:12:00+00:00,0.0,0.0,0
2023-01-26 13:14:00+00:00,0.0,0.0,0
2023-01-26 13:16:00+00:00,0.0,0.0,0
2023-01-26 13:18:00+00:00,0.0,0.0,0
2023-01-26 13:20:00+00:00,0.0,0.0,0
2023-01-26 13:22:00+00:00,0.0,0.0,0
2023-01-26 13:24:00+00:00,0.0,0.0,0
2023-01-26 13:26:00+00:00,0.0,0.0,0
2023-01-26 13:28:00+00:00,0.0,0.0,0
2023-01-26 13:30:00+00:00,0.0,0.0,0
2023-01-26 13:32:00+00:00,0.0,0.0,0
2023-01-26 13:34:00+00:00,0.0,0.0,0
2023-01-26 13:36:00+00:00,0.0,0.0,0
2023-01-26 13:38:00+00:00,0.0,0.0,0
2023-01-26 13:40:00+00:00,0.0,0.0,0
2023-01-26 13:42:00+00:00,0.0,0.0,0
2023-01-26 13:44:00+00:00,0.0,0.0,0
2023-01-26 13:46:00+00:00,0.0,0.0,0
2023-01-26 13:48:00+00:00,0.0,0.0,0
2023-01-26 13:50:00+00:00,0.0,0.0,0
2023-01-26 13:52:00+00:00,0.0,0.0,0
2023-01-26 13:54:00+00:00,0.0,0.0,0
2023-01-26 13:56:00+00:00,0.0,0.0,0
2023-01-26 13:58:00+00:00,0.0,0.0,0
2023-01-26 14:00:00+00:00,0.0,0.0,0
2023-01-26 14:02:00+00:00,0.0,0.0,0
2023-01-26 14:04:00+00:00,0.0,0.0,0
2023-01-26 14:06:00+00:00,0.0,0.0,0
2023-01-26 14:08:00+00:00,0.0,0.0,0
2023-01-26 14:10:00+00:00,0.0,0.0,0
2023-01-26 14:12:00+00:00,0.0,0.0,0
2023-01-26 14:14:00+00:00,0.0,0.0,0
2023-01-26 14:16:00+00:00,0.0,0.0,0
2023-01-26 14:18:00+00:00,0.0,0.0,0
2023-01-26 14:20:00+00:00,0.0,0.0,0
2023-01-26 14:22:00+00:00,0.0,0.0,0
2023-01-26 14:24:00+00:00,0.0,0.0,0
2023-01-26 14:26:00+00:00,0.0,0.0,0
2023-01-26 14:28:00+00:00,0.0,0.0,0
2023-01-26 14:30:00+00:00,0.0,0.0,0
2023-01-26 14:32:00+00:00,0.0,0.0,0
2023-01-26 14:34:00+00:00,0.0,0.0,0
2023-01-26 14:36:00+00:00,0.0,0.0,0
2023-01-26 14:38:00+00:00,0.0,0.0,0
2023-01-26 14:40:00+00:00,0.0,0.0,0
2023-01-26 14:42:00+00:00,0.0,0.0,0
2023-01-26 14:44:00+00:00,0.0,0.0,0
2023-01-26 14:46:00+00:00,0.0,0.0,0
2023-01-26 14:48:00+00:00,0.0,0.0,0
2023-01-26 14:50:00+00:00,0.0,0.0,0
2023-01-26 14:52:00+00:00,0.0,0.0,0
2023-01-26 14:54:00+00:00,0.0,0.0,0
2023-01-26 14:56:00+00:00,0.0,0.0,0
2023-01-26 14:58:00+00:00,0.0,0.0,0
2023-01-26 15:00:00+00:00,0.0,0.0,0
2023-01-26 15:02:00+00:00,0.0,0.0,0
2023-01-26 15:04:00+00:00,0.0,0.0,0
2023-01-26 15:06:00+00:00,0.0,0.0,0
2023-01-26 15:08:00+00:00,0.0,0.0,0
2023-01-26 15:10:00+00:00,0.0,0.0,0
2023-01-26 15:12:00+00:00,0.0,0.0,0
2023-01-26 15:14:00+00:00,0.0,0.0,0
2023-01-26 15:16:00+00:00,0.0,0.0,0
2023-01-26 15:18:00+00:00,0.0,0.0,0
2023-01-26 15:20:00+00:00,0.0,0.0,0
2023-01-26 15:22:00+00:00,0.0,0.0,0
2023-01-26 15:24:00+00:00,0.0,0.0,0
2023-01-26 15:26:00+00:00,0.0,0.0,0
2023-01-26 15:28:00+00:00,0.0,0.0,0
2023-01-26 15:30:00+00:00,0.0,0.0,0
2023-01-26 15:32:00+00:00,0.0,0.0,0
2023-01-26 15:34:00+00:00,0.0,0.0,0
2023-01-26 15:36:00+00:00,0.0,0.0,0
2023-01-26 15:38:00+00:00,0.0,0.0,0
2023-01-26 15:40:00+00:00,0.0,0.0,0
2023-01-26 15:42:00+00:00,0.0,0.0,0
2023-01-26 15:44:00+00:00,0.0,0.0,0
2023-01-26 15:46:00+00:00,0.0,0.0,0
2023-01-26 15:48:00+00:00,0.0,0.0,0
2023-01-26 15:50:00+00:00,0.0,0.0,0
2023-01-26 15:52:00+00:00,0.0,0.0,0
2023-01-26 15:54:00+00:00,0.0,0.0,0
2023-01-26 15:56:00+00:00,0.0,0.0,0
2023-01-26 15:58:00+00:00,0.0,0.0,0
2023-01-26 16:00:00+00:00,0.0,0.0,0
2023-01-26 16:02:00+00:00,0.0,0.0,0
2023-01-26 16:04:00+00:00,0.0,0.0,0
2023-01-26 16:06:00+00:00,0.0,0.0,0
2023-01-26 16:08:00+00:00,0.0,0.0,0
2023-01-26 16:10:00+00:00,0.0,0.0,0
2023-01-26 16:12:00+00:00,0.0,0.0,0
2023-01-26 16:14:00+00:00,0.0,0.0,0
2023-01-26 16:16:00+00:00,0.0,0.0,0
2023-01-26 16:18:00+00:00,0.0,0.0,0
2023-01-26 16:20:00+00:00,0.0,0.0,0
2023-01-26 16:22:00+00:00,0.0,0.0,0
2023-01-26 16:24:00+00:00,0.0,0.0,0
2023-01-26 16:26:00+00:00,0.0,0.0,0
2023-01-26 16:28:00+00:00,0.0,0.0,0
2023-01-26 16:30:00+00:00,0.0,0.0,0
2023-01-26 16:32:00+00:00,0.0,0.0,0
2023-01-26 16:34:00+00:00,0.0,0.0,0
2023-01-26 16:36:00+00:00,0.0,0.0,0
2023-01-26 16:38:00+00:00,0.0,0.0,0
2023-01-26 16:40:00+00:00,0.0,0.0,0
2023-01-26 16:42:00+00:00,0.0,0.0,0
2023-01-26 16:44:00+00:00,0.0,0.0,0
2023-01-26 16:46:00+00:00,0.0,0.0,0
2023-01-26 16:48:00+00:00,0.0,0.0,0
2023-01-26 16:50:00+00:00,0.0,0.0,0
2023-01-26 16:52:00+00:00,0.0,0.0,0
2023-01-26 16:54:00+00:00,0.0,0.0,0
2023-01-26 16:56:00+00:00,0.0,0.0,0
2023-01-26 16:58:00+00:00,0.0,0.0,0
2023-01-26 17:00:00+00:00,0.0,0.0,0
2023-01-26 17:02:00+00:00,0.0,0.0,0
2023-01-26 17:04:00+00:00,0.0,0.0,0
2023-01-26 17:06:00+00:00,0.0,0.0,0
2023-01-26 17:08:00+00:00,0.0,0.0,0
2023-01-26 17:10:00+00:00,0.0,0.0,0
2023-01-26 17:12:00+00:00,0.0,0.0,0
2023-01-26 17:14:00+00:00,0.0,0.0,0
2023-01-26 17:16:00+00:00,0.0,0.0,0
2023-01-26 17:18:00+00:00,0.0,0.0,0
2023-01-26 17:20:00+00:00,0.0,0.0,0
2023-01-26 17:22:00+00:00,0.0,0.0,0
2023-01-26 17:24:00+00:00,0.0,0.0,0
2023-01-26 17:26:00+00:00,0.0,0.0,0
2023-01-26 17:28:00+00:00,0.0,0.0,0
2023-01-26 17:30:00+00:00,0.0,0.0,0
2023-01-26 17:32:00+00:00,0.0,0.0,0
2023-01-26 17:34:00+00:00,0.0,0.0,0
2023-01-26 17:36:00+00:00,0.0,0.0,0
2023-01-26 17:38:00+00:00,0.0,0.0,0
2023-01-26 17:40:00+00:00,0.0,0.0,0
2023-01-26 17:42:00+00:00,0.0,0.0,0
2023-01-26 17:44:00+00:00,0.0,0.0,0
2023-01-26 17:46:00+00:00,0.0,0.0,0
2023-01-26 17:48:00+00:00,0.0,0.0,0
2023-01-26 17:50:00+00:00,0.0,0.0,0
2023-01-26 17:52:00+00:00,0.0,0.0,0
2023-01-26 17:54:00+00:00,0.0,0.0,0
2023-01-26 17:56:00+00:00,0.0,0.0,0
2023-01-26 17:58:00+00:00,0.0,0.00036829765282348685,0
2023-01-26 18:00:00+00:00,0.0,0.0038564536800024243,0
2023-01-26 18:02:00+00:00,0.0,0.029616427223459644,3
2023-01-26 18:04:00+00:00,0.0,0.17775496314537423,3
2023-01-26 18:06:00+00:00,0.0,0.8410805574346648,3
2023-01-26 18:08:00+00:00,0.0,3.153647889756476,3
2023-01-26 18:10:00+00:00,0.0,9.430323870639155,3
2023-01-26 18:12:00+00:00,0.0,22.69123393124154,3
2023-01-26 18:14:00+00:00,0.0,44.49507613181925,2
2023-01-26 18:16:00+00:00,146.4547,72.38506650100696,2
2023-01-26 18:18:00+00:00,144.00722,100.11777163575665,2
2023-01-26 18:20:00+00:00,143.49423,121.5142290490708,2
2023-01-26 18:22:00+00:00,143.6467,134.2453431878606,2
2023-01-26 18:24:00+00:00,142.7108,139.94403707561565,2
2023-01-26 18:26:00+00:00,142.61783,141.61325499363804,2
2023-01-26 18:28:00+00:00,142.56148,141.52475752712192,2
2023-01-26 18:30:00+00:00,139.28606,140.83249537842212,2
2023-01-26 18:32:00+00:00,138.97112,140.0306074597481,2
2023-01-26 18:34:00+00:00,138.62166,139.33263539361073,2
2023-01-26 18:36:00+00:00,138.85233,138.81140961117384,2
2023-01-26 18:38:00+00:00,138.07864,138.47083579274988,2
2023-01-26 18:40:00+00:00,137.2623,138.30881672524458,2
2023-01-26 18:42:00+00:00,137.83902,138.31306843783665,2
2023-01-26 18:44:00+00:00,139.26738,138.3856303629554,2
2023-01-26 18:46:00+00:00,139.20416,138.2666765744425,2
2023-01-26 18:48:00+00:00,139.2326,137.51707705049847,2
2023-01-26 18:50:00+00:00,138.47813,135.6235184101218,2
2023-01-26 18:52:00+00:00,138.51949,132.32213873875324,2
2023-01-26 18:54:00+00:00,124.07079,128.0240459354652,2
2023-01-26 18:56:00+00:00,104.66264,123.83070391189442,2
2023-01-26 18:58:00+00:00,122.36805,120.81772222372764,2
2023-01-26 19:00:00+00:00,118.71868,119.2033989472115,2
2023-01-26 19:02:00+00:00,123.179665,118.36802923003562,2
2023-01-26 19:04:00+00:00,118.96148,117.65841142783202,2
2023-01-26 19:06:00+00:00,103.63614,116.9054630772828,2
2023-01-26 19:08:00+00:00,123.57914,116.08694356323393,2
2023-01-26 19:10:00+00:00,119.16372,114.85948158836642,2
2023-01-26 19:12:00+00:00,123.23048,112.8484765411997,2
2023-01-26 19:14:00+00:00,84.13819,110.30235760085698,2
2023-01-26 19:16:00+00:00,122.148155,107.98167576659425,2
2023-01-26 19:18:00+00:00,84.19375,106.2501256871536,2
2023-01-26 19:20:00+00:00,137.3463,104.60293578901492,2
2023-01-26 19:22:00+00:00,84.37493,102.35423371554782,2
2023-01-26 19:24:00+00:00,103.69197,99.67455670793966,2
2023-01-26 19:26:00+00:00,83.9707,97.7036763988291,2
2023-01-26 19:28:00+00:00,84.31778,97.58057184053499,2
2023-01-26 19:30:00+00:00,121.56171,99.45386405145743,2
2023-01-26 19:32:00+00:00,83.3005,102.42789221903901,2
2023-01-26 19:34:00+00:00,135.29593,105.27228646804069,2
2023-01-26 19:36:00+00:00,83.00556,107.05281511445337,2
2023-01-26 19:38:00+00:00,135.14265,107.32835110588861,2
2023-01-26 19:40:00+00:00,101.35483,106.20437173335407,2
2023-01-26 19:42:00+00:00,83.61203,104.31455030274864,2
2023-01-26 19:44:00+00:00,121.02212,102.44456050402917,2
2023-01-26 19:46:00+00:00,83.889595,101.01251057080091,1
2023-01-26 19:48:00+00:00,120.11174,99.98697171729236,1
2023-01-26 19:50:00+00:00,64.65997,99.11704014341557,1
2023-01-26 19:52:00+00:00,135.92477,98.02784369149751,1
2023-01-26 19:54:00+00:00,83.7753,96.42572459181822,1
2023-01-26 19:56:00+00:00,83.22887,94.60396953486618,1
2023-01-26 19:58:00+00:00,102.20568,93.5324819437021,1
2023-01-26 20:00:00+00:00,65.276985,94.04373729388999,1
2023-01-26 20:02:00+00:00,124.55245,95.84582767321844,1
2023-01-26 20:04:00+00:00,84.78969,97.45964964759827,1
2023-01-26 20:06:00+00:00,137.49112,97.37759773840685,1
2023-01-26 20:08:00+00:00,63.926315,95.50268272438522,1
2023-01-26 20:10:00+00:00,82.37117,93.32242043295024,1
2023-01-26 20:12:00+00:00,100.336235,92.45064657455934,1
2023-01-26 20:14:00+00:00,82.22819,93.11668458996432,1
2023-01-26 20:16:00+00:00,118.588585,94.20126999058229,1
2023-01-26 20:18:00+00:00,83.32052,94.49627408732005,1
2023-01-26 20:20:00+00:00,101.25766,93.7078272898344,1
2023-01-26 20:22:00+00:00,82.474396,92.34793573686926,1
2023-01-26 20:24:00+00:00,82.32746,90.90407901746792,1
2023-01-26 20:26:00+00:00,119.162674,89.39012259366837,1
2023-01-26 20:28:00+00:00,64.16094,87.86409044268852,1
2023-01-26 20:30:00+00:00,82.79226,87.0661965046258,1
2023-01-26 20:32:00+00:00,82.67138,87.93414413531191,1
2023-01-26 20:34:00+00:00,82.30007,90.3641638371372,1
2023-01-26 20:36:00+00:00,133.68799,92.94722872882716,1
2023-01-26 20:38:00+00:00,81.383385,94.30994569535959,1
2023-01-26 20:40:00+00:00,81.65147,94.47531968521588,1
2023-01-26 20:42:00+00:00,100.38284,94.46993760134185,1
2023-01-26 20:44:00+00:00,82.45044,94.75371785757005,1
2023-01-26 20:46:00+00:00,133.91496,94.61940521100257,1
2023-01-26 20:48:00+00:00,64.484856,93.2306207064364,1
2023-01-26 20:50:00+00:00,100.63143,90.77580292018568,1
2023-01-26 20:52:00+00:00,82.638725,88.32727984369204,1
2023-01-26 20:54:00+00:00,64.225204,86.76502995566429,1
2023-01-26 20:56:00+00:00,119.1732,86.05411416290832,1
2023-01-26 20:58:00+00:00,64.43877,85.57684024999901,1
2023-01-26 21:00:00+00:00,100.66804,85.04442992816709,1
2023-01-26 21:02:00+00:00,63.67192,84.82228854150709,1
2023-01-26 21:04:00+00:00,81.90875,85.21710035247561,1
2023-01-26 21:06:00+00:00,118.240715,85.75254075010335,1
2023-01-26 21:08:00+00:00,63.244526,85.5805541033465,1
2023-01-26 21:10:00+00:00,99.65787,84.55219707306208,1
2023-01-26 21:12:00+00:00,63.701946,83.50806833625275,1
2023-01-26 21:14:00+00:00,81.79762,83.48906709707764,1
2023-01-26 21:16:00+00:00,99.502495,84.90958324845465,1
2023-01-26 21:18:00+00:00,63.418594,87.4436626769191,1
2023-01-26 21:20:00+00:00,118.13354,90.38482266828272,1
2023-01-26 21:22:00+00:00,81.41525,93.07063436079376,1
2023-01-26 21:24:00+00:00,114.21056,95.24065981036851,1
2023-01-26 21:26:00+00:00,63.312202,97.0342221378975,1
2023-01-26 21:28:00+00:00,132.43922,98.51563615744388,1
2023-01-26 21:30:00+00:00,99.39532,99.43345840575608,1
2023-01-26 21:32:00+00:00,81.37522,99.67611635328012,1
2023-01-26 21:34:00+00:00,117.11099,99.64191368152913,1
2023-01-26 21:36:00+00:00,81.44527,99.87608083750673,1
2023-01-26 21:38:00+00:00,117.79673,100.55021781235153,1
2023-01-26 21:40:00+00:00,82.39725,101.41928995036068,1
2023-01-26 21:42:00+00:00,134.44534,102.09982438132052,1
2023-01-26 21:44:00+00:00,64.77322,102.24403278159208,1
2023-01-26 21:46:00+00:00,136.28767,101.42536442030035,1
2023-01-26 21:48:00+00:00,83.64626,99.03070075062548,1
2023-01-26 21:50:00+00:00,117.25398,94.65807363813288,1
2023-01-26 21:52:00+00:00,64.35556,88.82577815513649,1
2023-01-26 21:54:00+00:00,83.11116,83.11656367600322,1
2023-01-26 21:56:00+00:00,64.1886,79.37874908383033,1
2023-01-26 21:58:00+00:00,64.51567,78.56690707742221,1
2023-01-26 22:00:00+00:00,103.479195,80.07269515956834,1
2023-01-26 22:02:00+00:00,65.115555,82.02352353418053,1
2023-01-26 22:04:00+00:00,121.85743,82.4822102162896,1
2023-01-26 22:06:00+00:00,65.14821,80.90127207594035,1
2023-01-26 22:08:00+00:00,65.10186,78.69907715962191,1
2023-01-26 22:10:00+00:00,65.75995,78.09915769655923,1
2023-01-26 22:12:00+00:00,65.619064,79.99984857581029,1
2023-01-26 22:14:00+00:00,138.46129,83.14079649043023,1
2023-01-26 22:16:00+00:00,65.68279,85.6238349446892,1
2023-01-26 22:18:00+00:00,65.41498,86.8689852419196,1
2023-01-26 22:20:00+00:00,122.01359,87.70059617798867,1
2023-01-26 22:22:00+00:00,64.736084,89.06695796619543,1
2023-01-26 22:24:00+00:00,83.46324,91.19617656184863,1
2023-01-26 22:26:00+00:00,129.01237,93.52681193775994,1
2023-01-26 22:28:00+00:00,64.94281,95.03354921645555,1
2023-01-26 22:30:00+00:00,136.33824,94.92288740154983,1
2023-01-26 22:32:00+00:00,65.802086,93.27610657131925,1
2023-01-26 22:34:00+00:00,84.76467,90.92040518323907,1
2023-01-26 22:36:00+00:00,106.52156,88.61232806333956,1
2023-01-26 22:38:00+00:00,65.58535,86.47083765830178,1
2023-01-26 22:40:00+00:00,104.18231,84.2595528346691,1
2023-01-26 22:42:00+00:00,65.54771,82.09032568922805,1
2023-01-26 22:44:00+00:00,84.764404,80.78748749303604,1
2023-01-26 22:46:00+00:00,65.69939,81.49493187460514,1
2023-01-26 22:48:00+00:00,65.66146,84.63228718655485,1
2023-01-26 22:50:00+00:00,136.82489,89.15393951239719,1
2023-01-26 22:52:00+00:00,84.655914,93.20721715795464,1
2023-01-26 22:54:00+00:00,84.72569,95.63345504135904,1
2023-01-26 22:56:00+00:00,121.576965,96.49701566049335,1
2023-01-26 22:58:00+00:00,65.47528,96.29784357768916,1
2023-01-26 23:00:00+00:00,135.79128,95.29969853443725,1
2023-01-26 23:02:00+00:00,64.94412,93.66390017189907,1
2023-01-26 23:04:00+00:00,83.72342,91.61067395330431,1
2023-01-26 23:06:00+00:00,120.976555,89.19576432170777,1
2023-01-26 23:08:00+00:00,64.84747,86.41492382399568,1
2023-01-26 23:10:00+00:00,84.21692,83.78762651068449,1
2023-01-26 23:12:00+00:00,65.49397,82.33266906208881,1
2023-01-26 23:14:00+00:00,85.05909,82.66425628687912,1
2023-01-26 23:16:00+00:00,104.35137,84.48797975944267,1
2023-01-26 23:18:00+00:00,65.59405,87.0756092953339,1
2023-01-26 23:20:00+00:00,85.174164,89.70393694161768,1
2023-01-26 23:22:00+00:00,137.06874,91.58805164836855,1
2023-01-26 23:24:00+00:00,66.12389,92.16112925846768,1
2023-01-26 23:26:00+00:00,85.18786,91.6868325458216,1
2023-01-26 23:28:00+00:00,103.06365,91.08349007361919,1
2023-01-26 23:30:00+00:00,84.85553,91.10912414990243,1
2023-01-26 23:32:00+00:00,84.23141,92.00827788482819,1
2023-01-26 23:34:00+00:00,102.432945,93.56276922182028,1
2023-01-26 23:36:00+00:00,83.99071,95.0521560898003,1
2023-01-26 23:38:00+00:00,136.35297,95.58412602750049,1
2023-01-26 23:40:00+00:00,65.10108,95.01757362765593,1
2023-01-26 23:42:00+00:00,84.48711,94.33396086828547,1
2023-01-26 23:44:00+00:00,105.157196,94.58178317412475,1
2023-01-26 23:46:00+00:00,84.294075,95.5726925357282,1
2023-01-26 23:48:00+00:00,134.95726,96.08068992691922,1
2023-01-26 23:50:00+00:00,64.81219,95.29914768080104,1
2023-01-26 23:52:00+00:00,102.31418,93.71834558712077,1
2023-01-26 23:54:00+00:00,83.534355,92.48362833995529,1
2023-01-26 23:56:00+00:00,83.55436,92.16157434634059,1
2023-01-26 23:58:00+00:00,120.15572,92.28132955717832,1
2023-01-27 00:00:00+00:00,65.06895,91.9171531878871,1
2023-01-27 00:02:00+00:00,121.45821,90.58482103622431,1
2023-01-27 00:04:00+00:00,65.227745,88.70210913887864,1
2023-01-27 00:06:00+00:00,84.13187,87.30647935842585,1
2023-01-27 00:08:00+00:00,84.45499,87.15301336978176,1
2023-01-27 00:10:00+00:00,84.45077,87.90529505302548,1
2023-01-27 00:12:00+00:00,121.53036,88.39380384081451,1
2023-01-27 00:14:00+00:00,65.591934,87.89679754680382,1
2023-01-27 00:16:00+00:00,83.13064,86.97245379276352,1
2023-01-27 00:18:00+00:00,82.98977,86.71892154288895,1
2023-01-27 00:20:00+00:00,82.86731,87.38886025809909,1
2023-01-27 00:22:00+00:00,120.716644,88.1819633970359,1
2023-01-27 00:24:00+00:00,64.65997,88.40908321831617,1
2023-01-27 00:26:00+00:00,83.57938,88.37293759190719,1
2023-01-27 00:28:00+00:00,101.94892,88.8307417370219,1
2023-01-27 00:30:00+00:00,64.53147,89.92829818891185,1
2023-01-27 00:32:00+00:00,135.51108,91.07151691726432,1
2023-01-27 00:34:00+00:00,64.62785,91.74984121346539,1
2023-01-27 00:36:00+00:00,83.4198,92.06261293354174,1
2023-01-27 00:38:00+00:00,120.52203,92.28308499939843,1
2023-01-27 00:40:00+00:00,65.55059,92.30889415550585,1
2023-01-27 00:42:00+00:00,122.63928,91.90686700122676,1
2023-01-27 00:44:00+00:00,65.4687,91.21825858690303,1
2023-01-27 00:46:00+00:00,84.59613,90.6036017171684,1
2023-01-27 00:48:00+00:00,122.35725,90.1355983239883,1
2023-01-27 00:50:00+00:00,65.52874,89.64284367866745,1
2023-01-27 00:52:00+00:00,84.057076,89.11167743556445,1
2023-01-27 00:54:00+00:00,103.94504,88.58859078713785,1
2023-01-27 00:56:00+00:00,84.514755,87.84393888063661,1
2023-01-27 00:58:00+00:00,84.68725,86.59028349560677,1
2023-01-27 01:00:00+00:00,84.618515,84.94078664316447,1
2023-01-27 01:02:00+00:00,84.35307,83.40995811350525,1
2023-01-27 01:04:00+00:00,65.71097,82.57830347065982,1
2023-01-27 01:06:00+00:00,102.365,82.86067258333772,1
2023-01-27 01:08:00+00:00,64.96914,84.43693303731473,1
2023-01-27 01:10:00+00:00,83.88459,87.12443023121953,1
2023-01-27 01:12:00+00:00,120.44303,90.18467270511661,1
2023-01-27 01:14:00+00:00,64.87197,92.48957331376633,1
2023-01-27 01:16:00+00:00,136.04303,93.25203324995242,1
2023-01-27 01:18:00+00:00,64.841415,92.74984749344725,1
2023-01-27 01:20:00+00:00,83.71394,92.24157841937352,1
2023-01-27 01:22:00+00:00,101.85307,92.98650135935523,1
2023-01-27 01:24:00+00:00,83.45219,95.298455803447,1
2023-01-27 01:26:00+00:00,120.6508,98.55734887865026,1
2023-01-27 01:28:00+00:00,83.406105,101.87542030423903,1
2023-01-27 01:30:00+00:00,120.7435,104.51883874088688,1
2023-01-27 01:32:00+00:00,118.00213,105.95065102718709,1
2023-01-27 01:34:00+00:00,84.06392,105.92403759249137,1
2023-01-27 01:36:00+00:00,137.67653,104.63648131919217,1
2023-01-27 01:38:00+00:00,65.6504,102.63464027852616,1
2023-01-27 01:40:00+00:00,123.184135,100.47262328592483,1
2023-01-27 01:42:00+00:00,84.89766,98.45059481287718,1
2023-01-27 01:44:00+00:00,105.160095,96.68876605784381,1
2023-01-27 01:46:00+00:00,84.51871,95.31662885256463,1
2023-01-27 01:48:00+00:00,84.9232,94.345856400868,1
2023-01-27 01:50:00+00:00,123.908585,93.44348544171714,1
2023-01-27 01:52:00+00:00,67.15407,92.2100466551681,1
2023-01-27 01:54:00+00:00,103.21454,90.67433265277334,1
2023-01-27 01:56:00+00:00,64.995735,89.14763437380014,1
2023-01-27 01:58:00+00:00,121.529305,87.68940953289368,1
2023-01-27 02:00:00+00:00,64.8006,86.2192621380635,1
2023-01-27 02:02:00+00:00,83.95701,85.14161899852424,1
2023-01-27 02:04:00+00:00,83.266,85.3027011168971,1
2023-01-27 02:06:00+00:00,64.861176,87.08269945060312,1
2023-01-27 02:08:00+00:00,136.27397,89.82458086393723,1
2023-01-27 02:10:00+00:00,65.03577,92.40381821340242,1
2023-01-27 02:12:00+00:00,103.11604,94.14552189645445,1
2023-01-27 02:14:00+00:00,102.326035,94.8978610975725,1
2023-01-27 02:16:00+00:00,84.327255,94.48516831571503,1
2023-01-27 02:18:00+00:00,120.845146,92.66184537045143,1
2023-01-27 02:20:00+00:00,65.09633,89.71349788994733,1
2023-01-27 02:22:00+00:00,84.270386,86.73225976943864,1
2023-01-27 02:24:00+00:00,84.22193,84.95847842994412,1
2023-01-27 02:26:00+00:00,65.27488,84.82522447591556,1
2023-01-27 02:28:00+00:00,122.40755,85.81099197811456,1
2023-01-27 02:30:00+00:00,65.18245,87.26477198016168,1
2023-01-27 02:32:00+00:00,83.54067,89.09753586867038,1
2023-01-27 02:34:00+00:00,102.73973,91.35201459086637,1
2023-01-27 02:36:00+00:00,84.37783,93.32854405884181,1
2023-01-27 02:38:00+00:00,135.8429,93.80443696381678,1
2023-01-27 02:40:00+00:00,64.731346,92.40316927750307,1
2023-01-27 02:42:00+00:00,83.69525,90.36500390591627,1
2023-01-27 02:44:00+00:00,83.40189,89.50536401828683,1
2023-01-27 02:46:00+00:00,83.955956,90.4468783047587,1
2023-01-27 02:48:00+00:00,121.520096,92.1743592242811,1
2023-01-27 02:50:00+00:00,84.452614,93.31159197155522,1
2023-01-27 02:52:00+00:00,85.59577,93.49699875080421,1
2023-01-27 02:54:00+00:00,104.199165,93.33484971322177,1
2023-01-27 02:56:00+00:00,66.29479,93.27679847228106,1
2023-01-27 02:58:00+00:00,138.56319,92.97539406488184,1
2023-01-27 03:00:00+00:00,66.213684,91.78972454758167,1
2023-01-27 03:02:00+00:00,85.605774,89.54667954608233,1
2023-01-27 03:04:00+00:00,104.420105,86.56199488022912,1
2023-01-27 03:06:00+00:00,65.922165,83.280881006111,1
2023-01-27 03:08:00+00:00,85.55416,80.29635145105001,1
2023-01-27 03:10:00+00:00,65.96456,78.45014903145771,1
2023-01-27 03:12:00+00:00,66.169975,78.47235091284622,1
2023-01-27 03:14:00+00:00,102.99359,80.52056435749928,1
2023-01-27 03:16:00+00:00,65.330444,84.14114615753988,1
2023-01-27 03:18:00+00:00,84.11343,88.41382026114267,1
2023-01-27 03:20:00+00:00,136.66293,92.03583961555859,1
2023-01-27 03:22:00+00:00,65.09528,93.80239112897571,1
2023-01-27 03:24:00+00:00,122.23848,93.46865662950945,1
2023-01-27 03:26:00+00:00,65.04945,91.91948521054084,1
2023-01-27 03:28:00+00:00,83.87379,90.20586887895682,1
2023-01-27 03:30:00+00:00,120.39299,88.61614564623633,1
2023-01-27 03:32:00+00:00,64.66393,86.97339982469686,1
2023-01-27 03:34:00+00:00,83.780045,85.57548132068716,1
2023-01-27 03:36:00+00:00,83.377396,85.19874141919578,1
2023-01-27 03:38:00+00:00,65.28963,86.02178245102542,1
2023-01-27 03:40:00+00:00,135.7768,87.05983911493306,1
2023-01-27 03:42:00+00:00,65.312004,87.09635907854064,1
2023-01-27 03:44:00+00:00,83.85009,85.9537348855507,1
2023-01-27 03:46:00+00:00,84.238525,84.23698554728666,1
2023-01-27 03:48:00+00:00,65.55059,81.64021455035851,1
2023-01-27 03:50:00+00:00,122.514206,76.09542785021438,1
2023-01-27 03:52:00+00:00,85.136246,65.44958151669067,2
2023-01-27 03:54:00+00:00,7.5117736,50.2335264899733,2
2023-01-27 03:56:00+00:00,7.9565554,34.15195038000061,2
2023-01-27 03:58:00+00:00,8.122987,21.370474646231887,3
2023-01-27 04:00:00+00:00,8.206465,13.639231613484869,3
2023-01-27 04:02:00+00:00,8.362888,10.069283586898404,3
2023-01-27 04:04:00+00:00,8.430567,8.829380500954363,3
2023-01-27 04:06:00+00:00,8.500879,8.532625789691133,3
2023-01-27 04:08:00+00:00,8.553283,8.514935403213311,3
2023-01-27 04:10:00+00:00,8.578037,8.554667695702637,3
2023-01-27 04:12:00+00:00,8.582514,8.600496730708372,3
2023-01-27 04:14:00+00:00,8.709443,8.645260489427363,3
2023-01-27 04:16:00+00:00,8.713131,8.687612118751595,3
2023-01-27 04:18:00+00:00,8.743941,8.724919564042017,3
2023-01-27 04:20:00+00:00,8.803192,8.753682779837304,3
2023-01-27 04:22:00+00:00,8.826366,8.771003837463056,3
2023-01-27 04:24:00+00:00,8.80293,8.77661449346585,3
2023-01-27 04:26:00+00:00,8.69812,8.773961391502624,3
2023-01-27 04:28:00+00:00,8.806089,8.768419029665324,3
2023-01-27 04:30:00+00:00,8.756055,8.764141889053006,3
2023-01-27 04:32:00+00:00,8.725508,8.762798193148598,3
2023-01-27 04:34:00+00:00,8.785023,8.76428243705802,3
2023-01-27 04:36:00+00:00,8.77765,8.767569246531469,3
2023-01-27 04:38:00+00:00,8.757109,8.771410696097703,3
2023-01-27 04:40:00+00:00,8.794766,8.775120721376807,3
2023-01-27 04:42:00+00:00,8.763955,8.778974509441339,3
2023-01-27 04:44:00+00:00,8.799243,8.784078566299295,3
2023-01-27 04:46:00+00:00,8.759215,8.791839578123414,3
2023-01-27 04:48:00+00:00,8.810566,8.802948790216934,3
2023-01-27 04:50:00+00:00,8.839006,8.816484134150024,3
2023-01-27 04:52:00+00:00,8.84401,8.830266642434433,3
2023-01-27 04:54:00+00:00,8.842958,8.8423078147157,3
2023-01-27 04:56:00+00:00,8.870608,8.851902568199598,3
2023-01-27 04:58:00+00:00,8.867712,8.859699985613913,3
2023-01-27 05:00:00+00:00,8.840324,8.867153676643847,3
2023-01-27 05:02:00+00:00,8.900629,8.875610905370722,3
2023-01-27 05:04:00+00:00,8.863762,8.885418817171965,3
2023-01-27 05:06:00+00:00,8.942762,8.895936465381226,3
2023-01-27 05:08:00+00:00,8.887462,8.906492708053614,3
2023-01-27 05:10:00+00:00,8.901945,8.916922515843488,3
2023-01-27 05:12:00+00:00,8.977261,8.926916460259557,3
2023-01-27 05:14:00+00:00,8.912216,8.935388348940918,3
2023-01-27 05:16:00+00:00,8.977787,8.941106611995009,3
2023-01-27 05:18:00+00:00,8.943027,8.943919700376732,3
2023-01-27 05:20:00+00:00,8.920115,8.945160141086818,3
2023-01-27 05:22:00+00:00,8.960407,8.946903902976944,3
2023-01-27 05:24:00+00:00,8.94882,8.95084647172213,3
2023-01-27 05:26:00+00:00,8.925909,8.95742237021681,3
2023-01-27 05:28:00+00:00,8.997012,8.965247318550622,3
2023-01-27 05:30:00+00:00,9.005439,8.971517608042467,3
2023-01-27 05:32:00+00:00,8.978578,8.974084757924729,3
2023-01-27 05:34:00+00:00,8.951981,8.973682350384626,3
2023-01-27 05:36:00+00:00,8.963304,8.97363791733881,3
2023-01-27 05:38:00+00:00,8.957511,8.977175571636996,3
2023-01-27 05:40:00+00:00,8.999908,8.985263017378516,3
2023-01-27 05:42:00+00:00,9.017551,8.99696494803223,3
2023-01-27 05:44:00+00:00,8.980158,9.011187984603271,3
2023-01-27 05:46:00+00:00,9.050469,9.027525492777876,3
2023-01-27 05:48:00+00:00,9.056526,9.045795752674856,3
2023-01-27 05:50:00+00:00,9.07101,9.0656968348894,3
2023-01-27 05:52:00+00:00,9.088654,9.087036537852123,3
2023-01-27 05:54:00+00:00,9.1189375,9.109576628121612,3
2023-01-27 05:56:00+00:00,9.153963,9.132391707230195,3
2023-01-27 05:58:00+00:00,9.176082,9.153820814574063,3
2023-01-27 06:00:00+00:00,9.185562,9.172351907883682,3
2023-01-27 06:02:00+00:00,9.202417,9.187550932008254,3
2023-01-27 06:04:00+00:00,9.197149,9.200292442069038,3
2023-01-27 06:06:00+00:00,9.234544,9.212353756842145,3
2023-01-27 06:08:00+00:00,9.189513,9.22545056720786,3
2023-01-27 06:10:00+00:00,9.2582445,9.239039365464487,3
2023-01-27 06:12:00+00:00,9.289056,9.245220339766057,3
2023-01-27 06:14:00+00:00,9.287212,9.21589431171257,3
2023-01-27 06:16:00+00:00,9.288002,9.076168081615924,3
2023-01-27 06:18:00+00:00,9.293006,8.67763490208135,3
2023-01-27 06:20:00+00:00,9.275625,7.828074819899122,3
2023-01-27 06:22:00+00:00,9.237178,6.427959066663128,3
2023-01-27 06:24:00+00:00,0.0,4.632711581958126,3
2023-01-27 06:26:00+00:00,0.0,2.839735868344193,3
2023-01-27 06:28:00+00:00,0.0,1.4447323667561045,3
2023-01-27 06:30:00+00:00,0.0,0.5992406885651304,3
2023-01-27 06:32:00+00:00,0.0,0.20007711164792122,3
2023-01-27 06:34:00+00:00,0.0,0.05329309300711183,3
2023-01-27 06:36:00+00:00,0.0,0.011251698483334705,0
2023-01-27 06:38:00+00:00,0.0,0.0018731750751007862,0
2023-01-27 06:40:00+00:00,0.0,0.00024371878898005712,0
2023-01-27 06:42:00+00:00,0.0,2.3229237273455546e-05,0
2023-01-27 06:44:00+00:00,0.0,0.0,0
2023-01-27 06:46:00+00:00,0.0,0.0,0
2023-01-27 06:48:00+00:00,0.0,0.0,0
2023-01-27 06:50:00+00:00,0.0,0.0,0
2023-01-27 06:52:00+00:00,0.0,0.0,0
2023-01-27 06:54:00+00:00,0.0,0.0,0
2023-01-27 06:56:00+00:00,0.0,0.0,0
2023-01-27 06:58:00+00:00,0.0,0.0,0
2023-01-27 07:00:00+00:00,0.0,0.0,0
2023-01-27 07:02:00+00:00,0.0,0.0,0
2023-01-27 07:04:00+00:00,0.0,0.0,0
2023-01-27 07:06:00+00:00,0.0,0.0,0
2023-01-27 07:08:00+00:00,0.0,0.0,0
2023-01-27 07:10:00+00:00,0.0,0.0,0
2023-01-27 07:12:00+00:00,0.0,0.0,0
2023-01-27 07:14:00+00:00,0.0,0.0,0
2023-01-27 07:16:00+00:00,0.0,0.0,0
2023-01-27 07:18:00+00:00,0.0,0.0,0
2023-01-27 07:20:00+00:00,0.0,0.0,0
2023-01-27 07:22:00+00:00,0.0,0.0,0
2023-01-27 07:24:00+00:00,0.0,0.0,0
2023-01-27 07:26:00+00:00,0.0,0.0,0
2023-01-27 07:28:00+00:00,0.0,0.0,0
2023-01-27 07:30:00+00:00,0.0,0.0,0
2023-01-27 07:32:00+00:00,0.0,0.0,0
2023-01-27 07:34:00+00:00,0.0,0.0,0
2023-01-27 07:36:00+00:00,0.0,0.0,0
2023-01-27 07:38:00+00:00,0.0,0.0,0
2023-01-27 07:40:00+00:00,0.0,0.0,0
2023-01-27 07:42:00+00:00,0.0,0.0,0
2023-01-27 07:44:00+00:00,0.0,0.0,0
2023-01-27 07:46:00+00:00,0.0,0.0,0
2023-01-27 07:48:00+00:00,0.0,0.0,0
2023-01-27 07:50:00+00:00,0.0,0.0,0
2023-01-27 07:52:00+00:00,0.0,0.0,0
2023-01-27 07:54:00+00:00,0.0,0.0,0
2023-01-27 07:56:00+00:00,0.0,0.0,0
2023-01-27 07:58:00+00:00,0.0,0.0,0
2023-01-27 08:00:00+00:00,0.0,0.0,0
2023-01-27 08:02:00+00:00,0.0,0.0,0
2023-01-27 08:04:00+00:00,0.0,0.0,0
2023-01-27 08:06:00+00:00,0.0,0.0,0
2023-01-27 08:08:00+00:00,0.0,0.0,0
2023-01-27 08:10:00+00:00,0.0,0.0,0
2023-01-27 08:12:00+00:00,0.0,0.0,0
2023-01-27 08:14:00+00:00,0.0,0.0,0
2023-01-27 08:16:00+00:00,0.0,0.0,0
2023-01-27 08:18:00+00:00,0.0,0.0,0
2023-01-27 08:20:00+00:00,0.0,0.0,0
2023-01-27 08:22:00+00:00,0.0,0.0,0
2023-01-27 08:24:00+00:00,0.0,0.0,0
2023-01-27 08:26:00+00:00,0.0,0.0,0
2023-01-27 08:28:00+00:00,0.0,0.0,0
2023-01-27 08:30:00+00:00,0.0,0.0,0
2023-01-27 08:32:00+00:00,0.0,0.0,0
2023-01-27 08:34:00+00:00,0.0,0.0,0
2023-01-27 08:36:00+00:00,0.0,0.0,0
2023-01-27 08:38:00+00:00,0.0,0.0,0
2023-01-27 08:40:00+00:00,0.0,0.0,0
2023-01-27 08:42:00+00:00,0.0,0.0,0
2023-01-27 08:44:00+00:00,0.0,0.0,0
2023-01-27 08:46:00+00:00,0.0,0.0,0
2023-01-27 08:48:00+00:00,0.0,0.0,0
2023-01-27 08:50:00+00:00,0.0,0.0,0
2023-01-27 08:52:00+00:00,0.0,0.0,0
2023-01-27 08:54:00+00:00,0.0,0.0,0
2023-01-27 08:56:00+00:00,0.0,0.0,0
2023-01-27 08:58:00+00:00,0.0,0.0,0
2023-01-27 09:00:00+00:00,0.0,0.0,0
2023-01-27 09:02:00+00:00,0.0,0.0,0
2023-01-27 09:04:00+00:00,0.0,0.0,0
2023-01-27 09:06:00+00:00,0.0,0.0,0
2023-01-27 09:08:00+00:00,0.0,0.0,0
2023-01-27 09:10:00+00:00,0.0,0.0,0
2023-01-27 09:12:00+00:00,0.0,0.0,0
2023-01-27 09:14:00+00:00,0.0,0.0,0
2023-01-27 09:16:00+00:00,0.0,0.0,0
2023-01-27 09:18:00+00:00,0.0,0.0,0
2023-01-27 09:20:00+00:00,0.0,0.0,0
2023-01-27 09:22:00+00:00,0.0,0.0,0
2023-01-27 09:24:00+00:00,0.0,0.0,0
2023-01-27 09:26:00+00:00,0.0,0.0,0
2023-01-27 09:28:00+00:00,0.0,0.0,0
2023-01-27 09:30:00+00:00,0.0,0.0,0
2023-01-27 09:32:00+00:00,0.0,0.0,0
2023-01-27 09:34:00+00:00,0.0,0.0,0
2023-01-27 09:36:00+00:00,0.0,0.0,0
2023-01-27 09:38:00+00:00,0.0,0.0,0
2023-01-27 09:40:00+00:00,0.0,0.0,0
2023-01-27 09:42:00+00:00,0.0,0.0,0
2023-01-27 09:44:00+00:00,0.0,0.0,0
2023-01-27 09:46:00+00:00,0.0,0.0,0
2023-01-27 09:48:00+00:00,0.0,0.0,0
2023-01-27 09:50:00+00:00,0.0,0.0,0
2023-01-27 09:52:00+00:00,0.0,0.0,0
2023-01-27 09:54:00+00:00,0.0,0.0,0
2023-01-27 09:56:00+00:00,0.0,0.0,0
2023-01-27 09:58:00+00:00,0.0,0.0,0
2023-01-27 10:00:00+00:00,0.0,0.0,0
2023-01-27 10:02:00+00:00,0.0,0.0,0
2023-01-27 10:04:00+00:00,0.0,0.0,0
2023-01-27 10:06:00+00:00,0.0,0.0,0
2023-01-27 10:08:00+00:00,0.0,0.0,0
2023-01-27 10:10:00+00:00,0.0,0.0,0
2023-01-27 10:12:00+00:00,0.0,0.0,0
2023-01-27 10:14:00+00:00,0.0,0.0,0
2023-01-27 10:16:00+00:00,0.0,0.0,0
2023-01-27 10:18:00+00:00,0.0,0.0,0
2023-01-27 10:20:00+00:00,0.0,0.0,0
2023-01-27 10:22:00+00:00,0.0,0.0,0
2023-01-27 10:24:00+00:00,0.0,0.0,0
2023-01-27 10:26:00+00:00,0.0,0.0,0
2023-01-27 10:28:00+00:00,0.0,0.0,0
2023-01-27 10:30:00+00:00,0.0,0.0,0
2023-01-27 10:32:00+00:00,0.0,0.0,0
2023-01-27 10:34:00+00:00,0.0,0.0,0
2023-01-27 10:36:00+00:00,0.0,0.0,0
2023-01-27 10:38:00+00:00,0.0,0.0,0
2023-01-27 10:40:00+00:00,0.0,0.0,0
2023-01-27 10:42:00+00:00,0.0,0.0,0
2023-01-27 10:44:00+00:00,0.0,0.0,0
2023-01-27 10:46:00+00:00,0.0,0.0,0
2023-01-27 10:48:00+00:00,0.0,0.0,0
2023-01-27 10:50:00+00:00,0.0,0.0,0
2023-01-27 10:52:00+00:00,0.0,0.0,0
2023-01-27 10:54:00+00:00,0.0,0.0,0
2023-01-27 10:56:00+00:00,0.0,0.0,0
2023-01-27 10:58:00+00:00,0.0,0.0,0
2023-01-27 11:00:00+00:00,0.0,0.0,0
2023-01-27 11:02:00+00:00,0.0,0.0,0
2023-01-27 11:04:00+00:00,0.0,0.0,0
2023-01-27 11:06:00+00:00,0.0,0.0,0
2023-01-27 11:08:00+00:00,0.0,0.0,0
2023-01-27 11:10:00+00:00,0.0,0.0,0
2023-01-27 11:12:00+00:00,0.0,0.0,0
2023-01-27 11:14:00+00:00,0.0,0.0,0
2023-01-27 11:16:00+00:00,0.0,0.0,0
2023-01-27 11:18:00+00:00,0.0,0.0,0
2023-01-27 11:20:00+00:00,0.0,0.0,0
2023-01-27 11:22:00+00:00,0.0,0.0,0
2023-01-27 11:24:00+00:00,0.0,0.0,0
2023-01-27 11:26:00+00:00,0.0,0.0,0
2023-01-27 11:28:00+00:00,0.0,0.0,0
2023-01-27 11:30:00+00:00,0.0,0.0,0
2023-01-27 11:32:00+00:00,0.0,0.0,0
2023-01-27 11:34:00+00:00,0.0,0.0,0
2023-01-27 11:36:00+00:00,0.0,0.0,0
2023-01-27 11:38:00+00:00,0.0,0.0,0
2023-01-27 11:40:00+00:00,0.0,0.0,0
2023-01-27 11:42:00+00:00,0.0,0.0,0
2023-01-27 11:44:00+00:00,0.0,0.0,0
2023-01-27 11:46:00+00:00,0.0,0.0,0
2023-01-27 11:48:00+00:00,0.0,0.0,0
2023-01-27 11:50:00+00:00,0.0,0.0,0
2023-01-27 11:52:00+00:00,0.0,0.0,0
2023-01-27 11:54:00+00:00,0.0,0.0,0
2023-01-27 11:56:00+00:00,0.0,0.0,0
2023-01-27 11:58:00+00:00,0.0,0.0,0
2023-01-27 12:00:00+00:00,0.0,0.0,0
2023-01-27 12:02:00+00:00,0.0,0.0,0
2023-01-27 12:04:00+00:00,0.0,0.0,0
2023-01-27 12:06:00+00:00,0.0,0.0,0
2023-01-27 12:08:00+00:00,0.0,0.0,0
2023-01-27 12:10:00+00:00,0.0,0.0,0
2023-01-27 12:12:00+00:00,0.0,0.0,0
2023-01-27 12:14:00+00:00,0.0,0.0,0
2023-01-27 12:16:00+00:00,0.0,0.0,0
2023-01-27 12:18:00+00:00,0.0,0.0,0
2023-01-27 12:20:00+00:00,0.0,0.0,0
2023-01-27 12:22:00+00:00,0.0,0.0,0
2023-01-27 12:24:00+00:00,0.0,0.0,0
2023-01-27 12:26:00+00:00,0.0,0.0,0
2023-01-27 12:28:00+00:00,0.0,0.0,0
2023-01-27 12:30:00+00:00,0.0,0.0,0
2023-01-27 12:32:00+00:00,0.0,0.0,0
2023-01-27 12:34:00+00:00,0.0,0.0,0
2023-01-27 12:36:00+00:00,0.0,0.0,0
2023-01-27 12:38:00+00:00,0.0,0.0,0
2023-01-27 12:40:00+00:00,0.0,0.0,0
2023-01-27 12:42:00+00:00,0.0,0.0,0
2023-01-27 12:44:00+00:00,0.0,0.0,0
2023-01-27 12:46:00+00:00,0.0,0.0,0
2023-01-27 12:48:00+00:00,0.0,0.0,0
2023-01-27 12:50:00+00:00,0.0,0.0,0
2023-01-27 12:52:00+00:00,0.0,0.0,0
2023-01-27 12:54:00+00:00,0.0,0.0,0
2023-01-27 12:56:00+00:00,0.0,0.0,0
2023-01-27 12:58:00+00:00,0.0,0.0,0
2023-01-27 13:00:00+00:00,0.0,0.0,0
2023-01-27 13:02:00+00:00,0.0,0.0,0
2023-01-27 13:04:00+00:00,0.0,0.0,0
2023-01-27 13:06:00+00:00,0.0,0.0,0
2023-01-27 13:08:00+00:00,0.0,0.0,0
2023-01-27 13:10:00+00:00,0.0,0.0,0
2023-01-27 13:12:00+00:00,0.0,0.0,0
2023-01-27 13:14:00+00:00,0.0,0.0,0
2023-01-27 13:16:00+00:00,0.0,0.0,0
2023-01-27 13:18:00+00:00,0.0,0.0,0
2023-01-27 13:20:00+00:00,0.0,0.0,0
2023-01-27 13:22:00+00:00,0.0,0.0,0
2023-01-27 13:24:00+00:00,0.0,0.0,0
2023-01-27 13:26:00+00:00,0.0,0.0,0
2023-01-27 13:28:00+00:00,0.0,0.0,0
2023-01-27 13:30:00+00:00,0.0,0.0,0
2023-01-27 13:32:00+00:00,0.0,0.0,0
2023-01-27 13:34:00+00:00,0.0,0.0,0
2023-01-27 13:36:00+00:00,0.0,0.0,0
2023-01-27 13:38:00+00:00,0.0,0.0,0
2023-01-27 13:40:00+00:00,0.0,0.0,0
2023-01-27 13:42:00+00:00,0.0,0.0,0
2023-01-27 13:44:00+00:00,0.0,0.0,0
2023-01-27 13:46:00+00:00,0.0,0.0,0
2023-01-27 13:48:00+00:00,0.0,0.0,0
2023-01-27 13:50:00+00:00,0.0,0.0,0
2023-01-27 13:52:00+00:00,0.0,0.0,0
2023-01-27 13:54:00+00:00,0.0,0.0,0
2023-01-27 13:56:00+00:00,0.0,0.0,0
2023-01-27 13:58:00+00:00,0.0,0.0,0
2023-01-27 14:00:00+00:00,0.0,0.0,0
2023-01-27 14:02:00+00:00,0.0,0.0,0
2023-01-27 14:04:00+00:00,0.0,0.0,0
2023-01-27 14:06:00+00:00,0.0,0.0,0
2023-01-27 14:08:00+00:00,0.0,0.0,0
2023-01-27 14:10:00+00:00,0.0,0.0,0
2023-01-27 14:12:00+00:00,0.0,0.0,0
2023-01-27 14:14:00+00:00,0.0,0.0,0
2023-01-27 14:16:00+00:00,0.0,0.0,0
2023-01-27 14:18:00+00:00,0.0,0.0,0
2023-01-27 14:20:00+00:00,0.0,0.0,0
2023-01-27 14:22:00+00:00,0.0,0.0,0
2023-01-27 14:24:00+00:00,0.0,0.0,0
2023-01-27 14:26:00+00:00,0.0,0.0,0
2023-01-27 14:28:00+00:00,0.0,0.0,0
2023-01-27 14:30:00+00:00,0.0,0.0,0
2023-01-27 14:32:00+00:00,0.0,0.0,0
2023-01-27 14:34:00+00:00,0.0,0.0,0
2023-01-27 14:36:00+00:00,0.0,0.0,0
2023-01-27 14:38:00+00:00,0.0,0.0,0
2023-01-27 14:40:00+00:00,0.0,0.0,0
2023-01-27 14:42:00+00:00,0.0,0.0,0
2023-01-27 14:44:00+00:00,0.0,0.0,0
2023-01-27 14:46:00+00:00,0.0,0.0,0
2023-01-27 14:48:00+00:00,0.0,0.0,0
2023-01-27 14:50:00+00:00,0.0,0.0,0
2023-01-27 14:52:00+00:00,0.0,0.0,0
2023-01-27 14:54:00+00:00,0.0,0.0,0
2023-01-27 14:56:00+00:00,0.0,0.0,0
2023-01-27 14:58:00+00:00,0.0,0.0,0
2023-01-27 15:00:00+00:00,0.0,0.0,0
2023-01-27 15:02:00+00:00,0.0,0.0,0
2023-01-27 15:04:00+00:00,0.0,0.0,0
2023-01-27 15:06:00+00:00,0.0,0.0,0
2023-01-27 15:08:00+00:00,0.0,0.0,0
2023-01-27 15:10:00+00:00,0.0,0.0,0
2023-01-27 15:12:00+00:00,0.0,0.0,0
2023-01-27 15:14:00+00:00,0.0,0.0,0
2023-01-27 15:16:00+00:00,0.0,0.0,0
2023-01-27 15:18:00+00:00,0.0,0.0,0
2023-01-27 15:20:00+00:00,0.0,0.0,0
2023-01-27 15:22:00+00:00,0.0,0.0,0
2023-01-27 15:24:00+00:00,0.0,0.0,0
2023-01-27 15:26:00+00:00,0.0,0.0,0
2023-01-27 15:28:00+00:00,0.0,0.0,0
2023-01-27 15:30:00+00:00,0.0,0.0,0
2023-01-27 15:32:00+00:00,0.0,0.0,0
2023-01-27 15:34:00+00:00,0.0,0.0,0
2023-01-27 15:36:00+00:00,0.0,0.0,0
2023-01-27 15:38:00+00:00,0.0,0.0,0
2023-01-27 15:40:00+00:00,0.0,0.0,0
2023-01-27 15:42:00+00:00,0.0,0.0,0
2023-01-27 15:44:00+00:00,0.0,0.0,0
2023-01-27 15:46:00+00:00,0.0,0.0,0
2023-01-27 15:48:00+00:00,0.0,0.0,0
2023-01-27 15:50:00+00:00,0.0,0.0,0
2023-01-27 15:52:00+00:00,0.0,0.0,0
2023-01-27 15:54:00+00:00,0.0,0.0,0
2023-01-27 15:56:00+00:00,0.0,0.0,0
2023-01-27 15:58:00+00:00,0.0,0.0,0
2023-01-27 16:00:00+00:00,0.0,0.0,0
2023-01-27 16:02:00+00:00,0.0,0.0,0
2023-01-27 16:04:00+00:00,0.0,0.0,0
2023-01-27 16:06:00+00:00,0.0,0.0,0
2023-01-27 16:08:00+00:00,0.0,0.0,0
2023-01-27 16:10:00+00:00,0.0,0.0,0
2023-01-27 16:12:00+00:00,0.0,0.0,0
2023-01-27 16:14:00+00:00,0.0,0.0,0
2023-01-27 16:16:00+00:00,0.0,0.0,0
2023-01-27 16:18:00+00:00,0.0,0.0,0
2023-01-27 16:20:00+00:00,0.0,0.0,0
2023-01-27 16:22:00+00:00,0.0,0.0,0
2023-01-27 16:24:00+00:00,0.0,0.0,0
2023-01-27 16:26:00+00:00,0.0,0.0,0
2023-01-27 16:28:00+00:00,0.0,0.0,0
2023-01-27 16:30:00+00:00,0.0,0.0,0
2023-01-27 16:32:00+00:00,0.0,0.0,0
2023-01-27 16:34:00+00:00,0.0,0.0,0
2023-01-27 16:36:00+00:00,0.0,0.0,0
2023-01-27 16:38:00+00:00,0.0,0.0,0
2023-01-27 16:40:00+00:00,0.0,0.0,0
2023-01-27 16:42:00+00:00,0.0,0.0,0
2023-01-27 16:44:00+00:00,0.0,0.0,0
2023-01-27 16:46:00+00:00,0.0,0.0,0
2023-01-27 16:48:00+00:00,0.0,0.0,0
2023-01-27 16:50:00+00:00,0.0,0.0,0
2023-01-27 16:52:00+00:00,0.0,0.0,0
2023-01-27 16:54:00+00:00,0.0,0.0,0
2023-01-27 16:56:00+00:00,0.0,0.0,0
2023-01-27 16:58:00+00:00,0.0,0.0,0
2023-01-27 17:00:00+00:00,0.0,0.0,0
2023-01-27 17:02:00+00:00,0.0,0.0,0
2023-01-27 17:04:00+00:00,0.0,0.0,0
2023-01-27 17:06:00+00:00,0.0,0.0,0
2023-01-27 17:08:00+00:00,0.0,0.0,0
2023-01-27 17:10:00+00:00,0.0,0.0,0
2023-01-27 17:12:00+00:00,0.0,0.0,0
2023-01-27 17:14:00+00:00,0.0,0.0,0
2023-01-27 17:16:00+00:00,0.0,0.0,0
2023-01-27 17:18:00+00:00,0.0,0.0,0
2023-01-27 17:20:00+00:00,0.0,0.0,0
2023-01-27 17:22:00+00:00,0.0,0.0,0
2023-01-27 17:24:00+00:00,0.0,0.0,0
2023-01-27 17:26:00+00:00,0.0,0.0,0
2023-01-27 17:28:00+00:00,0.0,0.0,0
2023-01-27 17:30:00+00:00,0.0,0.0,0
2023-01-27 17:32:00+00:00,0.0,0.0,0
2023-01-27 17:34:00+00:00,0.0,0.0,0
2023-01-27 17:36:00+00:00,0.0,0.0,0
2023-01-27 17:38:00+00:00,0.0,0.0,0
2023-01-27 17:40:00+00:00,0.0,0.0,0
2023-01-27 17:42:00+00:00,0.0,0.0,0
2023-01-27 17:44:00+00:00,0.0,0.0,0
2023-01-27 17:46:00+00:00,0.0,0.0,0
2023-01-27 17:48:00+00:00,0.0,0.0,0
2023-01-27 17:50:00+00:00,0.0,0.0,0
2023-01-27 17:52:00+00:00,0.0,0.0,0
2023-01-27 17:54:00+00:00,0.0,0.0,0
2023-01-27 17:56:00+00:00,0.0,0.0,0
2023-01-27 17:58:00+00:00,0.0,0.0,0
2023-01-27 18:00:00+00:00,0.0,0.0,0
2023-01-27 18:02:00+00:00,0.0,0.0,0
2023-01-27 18:04:00+00:00,0.0,0.0,0
2023-01-27 18:06:00+00:00,0.0,0.0,0
2023-01-27 18:08:00+00:00,0.0,0.0,0
2023-01-27 18:10:00+00:00,0.0,0.0,0
2023-01-27 18:12:00+00:00,0.0,0.0,0
2023-01-27 18:14:00+00:00,0.0,0.0,0
2023-01-27 18:16:00+00:00,0.0,0.0,0
2023-01-27 18:18:00+00:00,0.0,0.0,0
2023-01-27 18:20:00+00:00,0.0,0.0,0
2023-01-27 18:22:00+00:00,0.0,0.0,0
2023-01-27 18:24:00+00:00,0.0,0.0,0
2023-01-27 18:26:00+00:00,0.0,0.0,0
2023-01-27 18:28:00+00:00,0.0,0.0,0
2023-01-27 18:30:00+00:00,0.0,0.0,0
2023-01-27 18:32:00+00:00,0.0,0.0,0
2023-01-27 18:34:00+00:00,0.0,0.0,0
2023-01-27 18:36:00+00:00,0.0,0.0,0
2023-01-27 18:38:00+00:00,0.0,0.0,0
2023-01-27 18:40:00+00:00,0.0,0.0,0
2023-01-27 18:42:00+00:00,0.0,0.0,0
2023-01-27 18:44:00+00:00,0.0,0.0,0
2023-01-27 18:46:00+00:00,0.0,0.0,0
2023-01-27 18:48:00+00:00,0.0,0.0,0
2023-01-27 18:50:00+00:00,0.0,0.0,0
2023-01-27 18:52:00+00:00,0.0,0.0,0
2023-01-27 18:54:00+00:00,0.0,0.0,0
2023-01-27 18:56:00+00:00,0.0,0.0,0
2023-01-27 18:58:00+00:00,0.0,0.0,0
2023-01-27 19:00:00+00:00,0.0,0.0,0
2023-01-27 19:02:00+00:00,0.0,0.0,0
2023-01-27 19:04:00+00:00,0.0,0.0,0
2023-01-27 19:06:00+00:00,0.0,0.0,0
2023-01-27 19:08:00+00:00,0.0,0.0,0
2023-01-27 19:10:00+00:00,0.0,0.0,0
2023-01-27 19:12:00+00:00,0.0,0.0,0
2023-01-27 19:14:00+00:00,0.0,0.0,0
2023-01-27 19:16:00+00:00,0.0,0.0,0
2023-01-27 19:18:00+00:00,0.0,0.0,0
2023-01-27 19:20:00+00:00,0.0,0.0,0
2023-01-27 19:22:00+00:00,0.0,0.0,0
2023-01-27 19:24:00+00:00,0.0,0.0,0
2023-01-27 19:26:00+00:00,0.0,0.0,0
2023-01-27 19:28:00+00:00,0.0,0.0,0
2023-01-27 19:30:00+00:00,0.0,0.0,0
2023-01-27 19:32:00+00:00,0.0,0.0,0
2023-01-27 19:34:00+00:00,0.0,0.0,0
2023-01-27 19:36:00+00:00,0.0,0.0,0
2023-01-27 19:38:00+00:00,0.0,0.0,0
2023-01-27 19:40:00+00:00,0.0,0.0,0
2023-01-27 19:42:00+00:00,0.0,0.0,0
2023-01-27 19:44:00+00:00,0.0,0.0,0
2023-01-27 19:46:00+00:00,0.0,0.0,0
2023-01-27 19:48:00+00:00,0.0,0.0,0
2023-01-27 19:50:00+00:00,0.0,0.0,0
2023-01-27 19:52:00+00:00,0.0,0.0,0
2023-01-27 19:54:00+00:00,0.0,0.0,0
2023-01-27 19:56:00+00:00,0.0,0.0,0
2023-01-27 19:58:00+00:00,0.0,0.0,0
2023-01-27 20:00:00+00:00,0.0,0.0,0
2023-01-27 20:02:00+00:00,0.0,0.0,0
2023-01-27 20:04:00+00:00,0.0,0.0,0
2023-01-27 20:06:00+00:00,0.0,0.0,0
2023-01-27 20:08:00+00:00,0.0,0.0,0
2023-01-27 20:10:00+00:00,0.0,0.0,0
2023-01-27 20:12:00+00:00,0.0,0.0,0
2023-01-27 20:14:00+00:00,0.0,0.0,0
2023-01-27 20:16:00+00:00,0.0,0.0,0
2023-01-27 20:18:00+00:00,0.0,0.0,0
2023-01-27 20:20:00+00:00,0.0,0.0,0
2023-01-27 20:22:00+00:00,0.0,0.0,0
2023-01-27 20:24:00+00:00,0.0,0.0,0
2023-01-27 20:26:00+00:00,0.0,0.0,0
2023-01-27 20:28:00+00:00,0.0,0.0,0
2023-01-27 20:30:00+00:00,0.0,0.0,0
2023-01-27 20:32:00+00:00,0.0,0.0,0
2023-01-27 20:34:00+00:00,0.0,0.0,0
2023-01-27 20:36:00+00:00,0.0,0.0,0
2023-01-27 20:38:00+00:00,0.0,0.0,0
2023-01-27 20:40:00+00:00,0.0,0.0,0
2023-01-27 20:42:00+00:00,0.0,0.0,0
2023-01-27 20:44:00+00:00,0.0,0.0,0
2023-01-27 20:46:00+00:00,0.0,0.0,0
2023-01-27 20:48:00+00:00,0.0,0.0,0
2023-01-27 20:50:00+00:00,0.0,0.0,0
2023-01-27 20:52:00+00:00,0.0,0.0,0
2023-01-27 20:54:00+00:00,0.0,0.0,0
2023-01-27 20:56:00+00:00,0.0,0.0,0
2023-01-27 20:58:00+00:00,0.0,0.0,0
2023-01-27 21:00:00+00:00,0.0,0.0,0
2023-01-27 21:02:00+00:00,0.0,0.0,0
2023-01-27 21:04:00+00:00,0.0,0.0,0
2023-01-27 21:06:00+00:00,0.0,0.0,0
2023-01-27 21:08:00+00:00,0.0,0.0,0
2023-01-27 21:10:00+00:00,0.0,0.0,0
2023-01-27 21:12:00+00:00,0.0,0.0,0
2023-01-27 21:14:00+00:00,0.0,0.0,0
2023-01-27 21:16:00+00:00,0.0,0.0,0
2023-01-27 21:18:00+00:00,0.0,0.0,0
2023-01-27 21:20:00+00:00,0.0,0.0,0
2023-01-27 21:22:00+00:00,0.0,0.0,0
2023-01-27 21:24:00+00:00,0.0,0.0,0
2023-01-27 21:26:00+00:00,0.0,0.0,0
2023-01-27 21:28:00+00:00,0.0,0.0,0
2023-01-27 21:30:00+00:00,0.0,0.0,0
2023-01-27 21:32:00+00:00,0.0,0.0,0
2023-01-27 21:34:00+00:00,0.0,0.0,0
2023-01-27 21:36:00+00:00,0.0,0.0,0
2023-01-27 21:38:00+00:00,0.0,0.0,0
2023-01-27 21:40:00+00:00,0.0,0.0,0
2023-01-27 21:42:00+00:00,0.0,0.0,0
2023-01-27 21:44:00+00:00,0.0,0.0,0
2023-01-27 21:46:00+00:00,0.0,0.0,0
2023-01-27 21:48:00+00:00,0.0,0.0,0
2023-01-27 21:50:00+00:00,0.0,0.0,0
2023-01-27 21:52:00+00:00,0.0,0.0,0
2023-01-27 21:54:00+00:00,0.0,0.0,0
2023-01-27 21:56:00+00:00,0.0,0.0,0
2023-01-27 21:58:00+00:00,0.0,0.0,0
2023-01-27 22:00:00+00:00,0.0,0.0,0
2023-01-27 22:02:00+00:00,0.0,0.0,0
2023-01-27 22:04:00+00:00,0.0,0.0,0
2023-01-27 22:06:00+00:00,0.0,0.0,0
2023-01-27 22:08:00+00:00,0.0,0.0,0
2023-01-27 22:10:00+00:00,0.0,0.0,0
2023-01-27 22:12:00+00:00,0.0,0.0,0
2023-01-27 22:14:00+00:00,0.0,0.0,0
2023-01-27 22:16:00+00:00,0.0,0.0,0
2023-01-27 22:18:00+00:00,0.0,0.0,0
2023-01-27 22:20:00+00:00,0.0,0.0,0
2023-01-27 22:22:00+00:00,0.0,0.0,0
2023-01-27 22:24:00+00:00,0.0,0.0,0
2023-01-27 22:26:00+00:00,0.0,0.0,0
2023-01-27 22:28:00+00:00,0.0,0.0,0
2023-01-27 22:30:00+00:00,0.0,0.0,0
2023-01-27 22:32:00+00:00,0.0,0.0,0
2023-01-27 22:34:00+00:00,0.0,0.0,0
2023-01-27 22:36:00+00:00,0.0,0.0,0
2023-01-27 22:38:00+00:00,0.0,0.0,0
2023-01-27 22:40:00+00:00,0.0,0.0,0
2023-01-27 22:42:00+00:00,0.0,0.0,0
2023-01-27 22:44:00+00:00,0.0,0.0,0
2023-01-27 22:46:00+00:00,0.0,0.0,0
2023-01-27 22:48:00+00:00,0.0,0.0,0
2023-01-27 22:50:00+00:00,0.0,0.0,0
2023-01-27 22:52:00+00:00,0.0,0.0,0
2023-01-27 22:54:00+00:00,0.0,0.0,0
2023-01-27 22:56:00+00:00,0.0,0.0,0
2023-01-27 22:58:00+00:00,0.0,0.0,0
2023-01-27 23:00:00+00:00,0.0,0.0,0
2023-01-27 23:02:00+00:00,0.0,0.0,0
2023-01-27 23:04:00+00:00,0.0,0.0,0
2023-01-27 23:06:00+00:00,0.0,0.0,0
2023-01-27 23:08:00+00:00,0.0,0.0,0
2023-01-27 23:10:00+00:00,0.0,0.0,0
2023-01-27 23:12:00+00:00,0.0,0.0,0
2023-01-27 23:14:00+00:00,0.0,0.0,0
2023-01-27 23:16:00+00:00,0.0,0.0,0
2023-01-27 23:18:00+00:00,0.0,0.0,0
2023-01-27 23:20:00+00:00,0.0,0.0,0
2023-01-27 23:22:00+00:00,0.0,0.0,0
2023-01-27 23:24:00+00:00,0.0,0.0,0
2023-01-27 23:26:00+00:00,0.0,0.0,0
2023-01-27 23:28:00+00:00,0.0,0.0,0
2023-01-27 23:30:00+00:00,0.0,0.0,0
2023-01-27 23:32:00+00:00,0.0,0.0,0
2023-01-27 23:34:00+00:00,0.0,0.0,0
2023-01-27 23:36:00+00:00,0.0,0.0,0
2023-01-27 23:38:00+00:00,0.0,0.0,0
2023-01-27 23:40:00+00:00,0.0,0.0,0
