timestamp_utc,total_system_power,smooth
2023-01-25 00:20:00+00:00,0.0,0.0
2023-01-25 00:22:00+00:00,0.0,0.0
2023-01-25 00:24:00+00:00,0.0,0.0
2023-01-25 00:26:00+00:00,0.0,0.0
2023-01-25 00:28:00+00:00,0.0,0.0
2023-01-25 00:30:00+00:00,0.0,0.0
2023-01-25 00:32:00+00:00,0.0,0.0
2023-01-25 00:34:00+00:00,0.0,0.0
2023-01-25 00:36:00+00:00,0.0,0.0
2023-01-25 00:38:00+00:00,0.0,0.0
2023-01-25 00:40:00+00:00,0.0,0.0
2023-01-25 00:42:00+00:00,0.0,0.0
2023-01-25 00:44:00+00:00,0.0,0.0
2023-01-25 00:46:00+00:00,0.0,0.0
2023-01-25 00:48:00+00:00,0.0,0.0
2023-01-25 00:50:00+00:00,0.0,0.0
2023-01-25 00:52:00+00:00,0.0,0.0
2023-01-25 00:54:00+00:00,0.0,0.0
2023-01-25 00:56:00+00:00,0.0,0.0
2023-01-25 00:58:00+00:00,0.0,0.0
2023-01-25 01:00:00+00:00,0.0,0.0
2023-01-25 01:02:00+00:00,0.0,0.0
2023-01-25 01:04:00+00:00,0.0,0.0
2023-01-25 01:06:00+00:00,0.0,0.0
2023-01-25 01:08:00+00:00,0.0,0.0
2023-01-25 01:10:00+00:00,0.0,0.0
2023-01-25 01:12:00+00:00,0.0,0.0
2023-01-25 01:14:00+00:00,0.0,0.0
2023-01-25 01:16:00+00:00,0.0,0.0
2023-01-25 01:18:00+00:00,0.0,0.0
2023-01-25 01:20:00+00:00,0.0,0.0
2023-01-25 01:22:00+00:00,0.0,0.0
2023-01-25 01:24:00+00:00,0.0,0.0
2023-01-25 01:26:00+00:00,0.0,0.0
2023-01-25 01:28:00+00:00,0.0,0.0
2023-01-25 01:30:00+00:00,0.0,0.0
2023-01-25 01:32:00+00:00,0.0,0.0
2023-01-25 01:34:00+00:00,0.0,0.0
2023-01-25 01:36:00+00:00,0.0,0.0
2023-01-25 01:38:00+00:00,0.0,0.0
2023-01-25 01:40:00+00:00,0.0,0.0
2023-01-25 01:42:00+00:00,0.0,0.0
2023-01-25 01:44:00+00:00,0.0,0.0
2023-01-25 01:46:00+00:00,0.0,0.0
2023-01-25 01:48:00+00:00,0.0,0.0
2023-01-25 01:50:00+00:00,0.0,0.0
2023-01-25 01:52:00+00:00,0.0,0.0
2023-01-25 01:54:00+00:00,0.0,0.0
2023-01-25 01:56:00+00:00,0.0,0.0
2023-01-25 01:58:00+00:00,0.0,0.0
2023-01-25 02:00:00+00:00,0.0,0.0
2023-01-25 02:02:00+00:00,0.0,0.0
2023-01-25 02:04:00+00:00,0.0,0.0
2023-01-25 02:06:00+00:00,0.0,0.0
2023-01-25 02:08:00+00:00,0.0,0.0
2023-01-25 02:10:00+00:00,0.0,0.0
2023-01-25 02:12:00+00:00,0.0,0.0
2023-01-25 02:14:00+00:00,0.0,0.0
2023-01-25 02:16:00+00:00,0.0,0.0
2023-01-25 02:18:00+00:00,0.0,0.0
2023-01-25 02:20:00+00:00,0.0,0.0
2023-01-25 02:22:00+00:00,0.0,0.0
2023-01-25 02:24:00+00:00,0.0,0.0
2023-01-25 02:26:00+00:00,0.0,0.0
2023-01-25 02:28:00+00:00,0.0,0.0
2023-01-25 02:30:00+00:00,0.0,0.0
2023-01-25 02:32:00+00:00,0.0,0.0
2023-01-25 02:34:00+00:00,0.0,0.0
2023-01-25 02:36:00+00:00,0.0,0.0
2023-01-25 02:38:00+00:00,0.0,0.0
2023-01-25 02:40:00+00:00,0.0,0.0
2023-01-25 02:42:00+00:00,0.0,0.0
2023-01-25 02:44:00+00:00,0.0,0.0
2023-01-25 02:46:00+00:00,0.0,0.0
2023-01-25 02:48:00+00:00,0.0,0.0
2023-01-25 02:50:00+00:00,0.0,0.0
2023-01-25 02:52:00+00:00,0.0,0.0
2023-01-25 02:54:00+00:00,0.0,0.0
2023-01-25 02:56:00+00:00,0.0,0.0
2023-01-25 02:58:00+00:00,0.0,0.0
2023-01-25 03:00:00+00:00,0.0,0.0
2023-01-25 03:02:00+00:00,0.0,0.0
2023-01-25 03:04:00+00:00,0.0,0.0
2023-01-25 03:06:00+00:00,0.0,0.0
2023-01-25 03:08:00+00:00,0.0,0.0
2023-01-25 03:10:00+00:00,0.0,0.0
2023-01-25 03:12:00+00:00,0.0,0.0
2023-01-25 03:14:00+00:00,0.0,0.0
2023-01-25 03:16:00+00:00,0.0,0.0
2023-01-25 03:18:00+00:00,0.0,0.0
2023-01-25 03:20:00+00:00,0.0,0.0
2023-01-25 03:22:00+00:00,0.0,0.0
2023-01-25 03:24:00+00:00,0.0,0.0
2023-01-25 03:26:00+00:00,0.0,0.0
2023-01-25 03:28:00+00:00,0.0,0.0
2023-01-25 03:30:00+00:00,0.0,0.0
2023-01-25 03:32:00+00:00,0.0,0.0
2023-01-25 03:34:00+00:00,0.0,0.0
2023-01-25 03:36:00+00:00,0.0,0.0
2023-01-25 03:38:00+00:00,0.0,0.0
2023-01-25 03:40:00+00:00,0.0,0.0
2023-01-25 03:42:00+00:00,0.0,0.0
2023-01-25 03:44:00+00:00,0.0,0.0
2023-01-25 03:46:00+00:00,0.0,0.0
2023-01-25 03:48:00+00:00,0.0,0.0
2023-01-25 03:50:00+00:00,0.0,0.0
2023-01-25 03:52:00+00:00,0.0,0.0
2023-01-25 03:54:00+00:00,0.0,0.0
2023-01-25 03:56:00+00:00,0.0,0.0
2023-01-25 03:58:00+00:00,0.0,0.0
2023-01-25 04:00:00+00:00,0.0,0.0
2023-01-25 04:02:00+00:00,0.0,0.0
2023-01-25 04:04:00+00:00,0.0,0.0
2023-01-25 04:06:00+00:00,0.0,0.0
2023-01-25 04:08:00+00:00,0.0,0.0
2023-01-25 04:10:00+00:00,0.0,0.0
2023-01-25 04:12:00+00:00,0.0,0.0
2023-01-25 04:14:00+00:00,0.0,0.0
2023-01-25 04:16:00+00:00,0.0,0.0
2023-01-25 04:18:00+00:00,0.0,0.0
2023-01-25 04:20:00+00:00,0.0,0.0
2023-01-25 04:22:00+00:00,0.0,0.0
2023-01-25 04:24:00+00:00,0.0,0.0
2023-01-25 04:26:00+00:00,0.0,0.0
2023-01-25 04:28:00+00:00,0.0,0.0
2023-01-25 04:30:00+00:00,0.0,0.0
2023-01-25 04:32:00+00:00,0.0,0.0
2023-01-25 04:34:00+00:00,0.0,0.0
2023-01-25 04:36:00+00:00,0.0,0.0
2023-01-25 04:38:00+00:00,0.0,0.0
2023-01-25 04:40:00+00:00,0.0,0.0
2023-01-25 04:42:00+00:00,0.0,2.990123447487696e-20
2023-01-25 04:44:00+00:00,0.0,2.4237426703845795e-16
2023-01-25 04:46:00+00:00,0.0,7.229278839046386e-13
2023-01-25 04:48:00+00:00,0.0,7.940401481101092e-10
2023-01-25 04:50:00+00:00,0.0,3.217143402112639e-07
2023-01-25 04:52:00+00:00,0.0,4.8302833924092316e-05
2023-01-25 04:54:00+00:00,0.0,0.0027202779763775588
2023-01-25 04:56:00+00:00,0.0,0.05924427005950182
2023-01-25 04:58:00+00:00,0.0,0.5343004691130732
2023-01-25 05:00:00+00:00,2.967,2.2501039904514526
2023-01-25 05:02:00+00:00,8.142000000000001,5.115732513205264
2023-01-25 05:04:00+00:00,8.234,7.260895871407268
2023-01-25 05:06:00+00:00,7.497999999999999,7.768841375150274
2023-01-25 05:08:00+00:00,7.6129999999999995,7.6415274677690865
2023-01-25 05:10:00+00:00,7.452000000000001,7.589012261497212
2023-01-25 05:12:00+00:00,7.843,7.690165380582166
2023-01-25 05:14:00+00:00,7.957999999999999,7.865563153933911
2023-01-25 05:16:00+00:00,8.165,7.952267608659042
2023-01-25 05:18:00+00:00,7.59,7.8425500109212525
2023-01-25 05:20:00+00:00,7.59,7.659647566080035
2023-01-25 05:22:00+00:00,7.475,7.5922612014565924
2023-01-25 05:24:00+00:00,7.751,7.6891498062999535
2023-01-25 05:26:00+00:00,8.257,7.83826606775122
2023-01-25 05:28:00+00:00,7.36,7.763633159886188
2023-01-25 05:30:00+00:00,7.705,7.491641248354498
2023-01-25 05:32:00+00:00,6.992000000000001,6.891482551834099
2023-01-25 05:34:00+00:00,3.611,6.036256314575426
2023-01-25 05:36:00+00:00,7.82,6.320145534377232
2023-01-25 05:38:00+00:00,8.51,7.528919219612668
2023-01-25 05:40:00+00:00,7.912000000000001,8.134825597022898
2023-01-25 05:42:00+00:00,8.556000000000001,8.332629727883331
2023-01-25 05:44:00+00:00,8.901,8.463888789997487
2023-01-25 05:46:00+00:00,7.497999999999999,8.354269560422175
2023-01-25 05:48:00+00:00,9.039,8.373959019152919
2023-01-25 05:50:00+00:00,8.487,8.45237946896113
2023-01-25 05:52:00+00:00,7.751,8.177384189148063
2023-01-25 05:54:00+00:00,7.797000000000001,7.868491445993051
2023-01-25 05:56:00+00:00,7.636,7.731061880471122
2023-01-25 05:58:00+00:00,7.659,7.704760674322568
2023-01-25 06:00:00+00:00,7.8660000000000005,7.791821862773985
2023-01-25 06:02:00+00:00,8.004,7.974648621678706
2023-01-25 06:04:00+00:00,8.533,8.18139833115923
2023-01-25 06:06:00+00:00,8.119,8.233868800177905
2023-01-25 06:08:00+00:00,8.027000000000001,8.159448221825002
2023-01-25 06:10:00+00:00,8.096,8.284672623885157
2023-01-25 06:12:00+00:00,9.43,8.773985457737284
2023-01-25 06:14:00+00:00,9.798,9.135304064561325
2023-01-25 06:16:00+00:00,7.8660000000000005,8.794466369303848
2023-01-25 06:18:00+00:00,8.187999999999999,8.253459479149184
2023-01-25 06:20:00+00:00,7.8660000000000005,7.980061758388952
2023-01-25 06:22:00+00:00,7.682,7.762609009979998
2023-01-25 06:24:00+00:00,7.268,7.560770503603128
2023-01-25 06:26:00+00:00,7.6129999999999995,7.522020419496367
2023-01-25 06:28:00+00:00,7.705,7.640539607828406
2023-01-25 06:30:00+00:00,7.8660000000000005,7.780230679669789
2023-01-25 06:32:00+00:00,7.888999999999999,7.932695309202805
2023-01-25 06:34:00+00:00,8.51,8.10221757925698
2023-01-25 06:36:00+00:00,7.935,8.080731481502191
2023-01-25 06:38:00+00:00,7.636,7.823204924722849
2023-01-25 06:40:00+00:00,7.337000000000001,7.606194536435087
2023-01-25 06:42:00+00:00,7.797000000000001,7.600198962206667
2023-01-25 06:44:00+00:00,7.636,7.703421453169739
2023-01-25 06:46:00+00:00,8.027000000000001,7.780610815459004
2023-01-25 06:48:00+00:00,7.544,7.768466701236337
2023-01-25 06:50:00+00:00,7.82,7.730326960063151
2023-01-25 06:52:00+00:00,7.659,7.76568447432146
2023-01-25 06:54:00+00:00,8.096,7.844206621254158
2023-01-25 06:56:00+00:00,7.774,7.843020108523597
2023-01-25 06:58:00+00:00,7.475,7.774980308329415
2023-01-25 07:00:00+00:00,8.257,7.872586591335131
2023-01-25 07:02:00+00:00,8.004,7.971386973835605
2023-01-25 07:04:00+00:00,7.705,7.844227841974252
2023-01-25 07:06:00+00:00,7.406000000000001,7.684872701899835
2023-01-25 07:08:00+00:00,8.004,7.695500553562885
2023-01-25 07:10:00+00:00,7.6129999999999995,7.7192963800377195
2023-01-25 07:12:00+00:00,7.497999999999999,7.685381912296869
2023-01-25 07:14:00+00:00,8.073,7.7836810936677345
2023-01-25 07:16:00+00:00,7.981,7.853763012046766
2023-01-25 07:18:00+00:00,7.314,7.714931568979143
2023-01-25 07:20:00+00:00,7.751,7.6253289227802945
2023-01-25 07:22:00+00:00,7.751,7.644736925528817
2023-01-25 07:24:00+00:00,7.36,7.58492482242903
2023-01-25 07:26:00+00:00,7.544,7.580738233195315
2023-01-25 07:28:00+00:00,8.096,7.719086267912437
2023-01-25 07:30:00+00:00,7.521,7.756547852613552
2023-01-25 07:32:00+00:00,7.751,7.700253380522959
2023-01-25 07:34:00+00:00,7.682,7.687082998362358
2023-01-25 07:36:00+00:00,7.682,7.649732601674598
2023-01-25 07:38:00+00:00,7.36,7.5882635834045775
2023-01-25 07:40:00+00:00,7.8660000000000005,7.5941001008141
2023-01-25 07:42:00+00:00,7.382999999999999,7.59701939824327
2023-01-25 07:44:00+00:00,7.636,7.601527029263317
2023-01-25 07:46:00+00:00,7.8660000000000005,7.689495859194418
2023-01-25 07:48:00+00:00,7.6129999999999995,7.73829777767343
2023-01-25 07:50:00+00:00,7.888999999999999,7.754341073450138
2023-01-25 07:52:00+00:00,7.682,7.758826993459761
2023-01-25 07:54:00+00:00,7.728,7.753147030848619
2023-01-25 07:56:00+00:00,7.888999999999999,7.791858911207736
2023-01-25 07:58:00+00:00,7.82,7.806879055461349
2023-01-25 08:00:00+00:00,7.636,7.770968460069663
2023-01-25 08:02:00+00:00,7.843,7.799413323291057
2023-01-25 08:04:00+00:00,8.165,7.853542601022329
2023-01-25 08:06:00+00:00,7.268,7.741850058057382
2023-01-25 08:08:00+00:00,7.774,7.657796035253107
2023-01-25 08:10:00+00:00,7.888999999999999,7.722941238107682
2023-01-25 08:12:00+00:00,7.497999999999999,7.724623287816129
2023-01-25 08:14:00+00:00,7.957999999999999,7.697937380263537
2023-01-25 08:16:00+00:00,7.314,7.6566463910128775
2023-01-25 08:18:00+00:00,7.843,7.6868479379076655
2023-01-25 08:20:00+00:00,8.05,7.808068024416462
2023-01-25 08:22:00+00:00,7.521,7.7966579985288655
2023-01-25 08:24:00+00:00,7.888999999999999,7.744967594228891
2023-01-25 08:26:00+00:00,7.728,7.691843375139235
2023-01-25 08:28:00+00:00,7.13,7.577505654131963
2023-01-25 08:30:00+00:00,8.05,7.639993324030615
2023-01-25 08:32:00+00:00,7.774,7.786193367400633
2023-01-25 08:34:00+00:00,7.751,7.802353331654508
2023-01-25 08:36:00+00:00,7.912000000000001,7.778307964785595
2023-01-25 08:38:00+00:00,7.428999999999999,7.7320177511959445
2023-01-25 08:40:00+00:00,8.004,7.77735292674551
2023-01-25 08:42:00+00:00,8.004,7.871127963325325
2023-01-25 08:44:00+00:00,7.567,7.8406099745025255
2023-01-25 08:46:00+00:00,8.004,7.851972819848694
2023-01-25 08:48:00+00:00,8.05,7.9367278117002344
2023-01-25 08:50:00+00:00,7.797000000000001,7.93838040872582
2023-01-25 08:52:00+00:00,8.004,7.920966502937916
2023-01-25 08:54:00+00:00,7.957999999999999,7.883183390347345
2023-01-25 08:56:00+00:00,7.475,7.72324899859978
2023-01-25 08:58:00+00:00,7.428999999999999,7.608878458472801
2023-01-25 09:00:00+00:00,7.981,7.736648317099237
2023-01-25 09:02:00+00:00,8.187999999999999,7.887763808926721
2023-01-25 09:04:00+00:00,7.382999999999999,7.773934846467267
2023-01-25 09:06:00+00:00,7.497999999999999,7.641107696066002
2023-01-25 09:08:00+00:00,8.211,7.702930850004432
2023-01-25 09:10:00+00:00,7.107,7.6671444063511744
2023-01-25 09:12:00+00:00,7.8660000000000005,7.650851878189839
2023-01-25 09:14:00+00:00,8.05,7.768534121654315
2023-01-25 09:16:00+00:00,7.314,7.734592172883438
2023-01-25 09:18:00+00:00,7.981,7.706238607620547
2023-01-25 09:20:00+00:00,7.659,7.745389141076822
2023-01-25 09:22:00+00:00,7.751,7.723024154586791
2023-01-25 09:24:00+00:00,7.567,7.718991274499809
2023-01-25 09:26:00+00:00,8.096,7.7840575009553
2023-01-25 09:28:00+00:00,7.521,7.822743962219215
2023-01-25 09:30:00+00:00,8.187999999999999,7.856894664471303
2023-01-25 09:32:00+00:00,7.659,7.872582299644138
2023-01-25 09:34:00+00:00,7.957999999999999,7.829154539081951
2023-01-25 09:36:00+00:00,7.567,7.815557314924413
2023-01-25 09:38:00+00:00,8.257,7.8581854233850565
2023-01-25 09:40:00+00:00,7.475,7.8355375943670005
2023-01-25 09:42:00+00:00,8.004,7.738665856118826
2023-01-25 09:44:00+00:00,7.245,7.626307863056136
2023-01-25 09:46:00+00:00,7.682,7.579884733651851
2023-01-25 09:48:00+00:00,7.774,7.693493757162145
2023-01-25 09:50:00+00:00,7.659,7.946568453508911
2023-01-25 09:52:00+00:00,9.568,8.381797579731977
2023-01-25 09:54:00+00:00,7.843,8.489803775975657
2023-01-25 09:56:00+00:00,8.326,8.260919326544945
2023-01-25 09:58:00+00:00,7.912000000000001,8.214830323831157
2023-01-25 10:00:00+00:00,8.878,8.395292314476523
2023-01-25 10:02:00+00:00,8.602,8.501745428256278
2023-01-25 10:04:00+00:00,7.912000000000001,8.275715319449523
2023-01-25 10:06:00+00:00,7.888999999999999,8.001190017801193
2023-01-25 10:08:00+00:00,7.797000000000001,7.912730085137047
2023-01-25 10:10:00+00:00,8.28,7.919963939769396
2023-01-25 10:12:00+00:00,7.245,7.837344086049694
2023-01-25 10:14:00+00:00,8.395,7.767786497671924
2023-01-25 10:16:00+00:00,6.968999999999999,7.641817880012573
2023-01-25 10:18:00+00:00,7.774,7.50325826065595
2023-01-25 10:20:00+00:00,7.337000000000001,7.5098477092485085
2023-01-25 10:22:00+00:00,7.636,7.560946091889809
2023-01-25 10:24:00+00:00,7.888999999999999,7.627644932201949
2023-01-25 10:26:00+00:00,7.061,7.623588207317052
2023-01-25 10:28:00+00:00,8.418,7.786898077346541
2023-01-25 10:30:00+00:00,7.8660000000000005,8.043581095072826
2023-01-25 10:32:00+00:00,8.51,8.177548967561686
2023-01-25 10:34:00+00:00,8.096,8.170583453204863
2023-01-25 10:36:00+00:00,7.705,8.03256633456841
2023-01-25 10:38:00+00:00,8.395,7.966530447585354
2023-01-25 10:40:00+00:00,7.268,7.8806243500870945
2023-01-25 10:42:00+00:00,8.28,7.877990603557224
2023-01-25 10:44:00+00:00,7.957999999999999,7.970135809975974
2023-01-25 10:46:00+00:00,7.797000000000001,7.942517907626716
2023-01-25 10:48:00+00:00,8.05,7.945357946423614
2023-01-25 10:50:00+00:00,7.8660000000000005,8.079503100726626
2023-01-25 10:52:00+00:00,8.993,8.368886729283094
2023-01-25 10:54:00+00:00,8.372,8.588925910372168
2023-01-25 10:56:00+00:00,8.832,8.696011652844884
2023-01-25 10:58:00+00:00,8.901,8.88624834241562
2023-01-25 11:00:00+00:00,9.683,8.973908777100787
2023-01-25 11:02:00+00:00,7.567,8.606743186579655
2023-01-25 11:04:00+00:00,8.302999999999999,8.15453022192174
2023-01-25 11:06:00+00:00,7.774,7.962464433669718
2023-01-25 11:08:00+00:00,7.728,7.824820904479132
2023-01-25 11:10:00+00:00,7.82,7.743758785913178
2023-01-25 11:12:00+00:00,7.452000000000001,7.682535836283262
2023-01-25 11:14:00+00:00,7.935,7.651153567232481
2023-01-25 11:16:00+00:00,7.222,7.588777329384788
2023-01-25 11:18:00+00:00,7.82,7.5219634472423476
2023-01-25 11:20:00+00:00,7.037999999999999,7.504346688423384
2023-01-25 11:22:00+00:00,8.142000000000001,7.59825458232507
2023-01-25 11:24:00+00:00,7.475,7.676392864385939
2023-01-25 11:26:00+00:00,7.544,7.639699559243086
2023-01-25 11:28:00+00:00,7.957999999999999,7.677374293105061
2023-01-25 11:30:00+00:00,7.382999999999999,7.683189739493356
2023-01-25 11:32:00+00:00,7.981,7.655296968227326
2023-01-25 11:34:00+00:00,7.199,7.6015150701625425
2023-01-25 11:36:00+00:00,7.843,7.581722319676303
2023-01-25 11:38:00+00:00,7.544,7.607664836199455
2023-01-25 11:40:00+00:00,7.544,7.544417673118218
2023-01-25 11:42:00+00:00,7.291,7.467902490643011
2023-01-25 11:44:00+00:00,7.521,7.535195523874544
2023-01-25 11:46:00+00:00,8.142000000000001,7.794539658906141
2023-01-25 11:48:00+00:00,8.142000000000001,7.98036782952758
2023-01-25 11:50:00+00:00,7.751,7.878030987533068
2023-01-25 11:52:00+00:00,7.291,7.660653663068349
2023-01-25 11:54:00+00:00,7.935,7.592783171396421
2023-01-25 11:56:00+00:00,7.199,7.586334480212488
2023-01-25 11:58:00+00:00,7.935,7.63320308647127
2023-01-25 12:00:00+00:00,7.797000000000001,7.695842194503544
2023-01-25 12:02:00+00:00,7.153,7.6388036114656845
2023-01-25 12:04:00+00:00,8.349,7.6945343883114194
2023-01-25 12:06:00+00:00,7.176,7.752081428397297
2023-01-25 12:08:00+00:00,8.28,7.815941683591965
2023-01-25 12:10:00+00:00,7.774,7.961276469992118
2023-01-25 12:12:00+00:00,8.395,8.021177046375962
2023-01-25 12:14:00+00:00,7.59,7.913307015204788
2023-01-25 12:16:00+00:00,7.59,7.7286263814981275
2023-01-25 12:18:00+00:00,7.843,7.679193105350636
2023-01-25 12:20:00+00:00,7.452000000000001,7.65462694699749
2023-01-25 12:22:00+00:00,7.82,7.609252975333794
2023-01-25 12:24:00+00:00,7.222,7.537792143915717
2023-01-25 12:26:00+00:00,7.705,7.499691722726382
2023-01-25 12:28:00+00:00,7.268,7.599908246314672
2023-01-25 12:30:00+00:00,8.187999999999999,8.077800953865472
2023-01-25 12:32:00+00:00,10.304,8.944305601782247
2023-01-25 12:34:00+00:00,9.315,9.260639915730742
2023-01-25 12:36:00+00:00,7.8660000000000005,8.654236078833586
2023-01-25 12:38:00+00:00,7.6129999999999995,7.923787065520034
2023-01-25 12:40:00+00:00,7.337000000000001,7.500111519158632
2023-01-25 12:42:00+00:00,7.015,7.287404484507699
2023-01-25 12:44:00+00:00,7.428999999999999,7.301671164336667
2023-01-25 12:46:00+00:00,7.6129999999999995,7.4609914345611585
2023-01-25 12:48:00+00:00,7.59,7.561357128556518
2023-01-25 12:50:00+00:00,7.475,7.6136182038370395
2023-01-25 12:52:00+00:00,8.142000000000001,7.699939649199486
2023-01-25 12:54:00+00:00,7.153,7.70719093600239
2023-01-25 12:56:00+00:00,8.302999999999999,7.761887747751654
2023-01-25 12:58:00+00:00,7.497999999999999,7.8912668563764266
2023-01-25 13:00:00+00:00,8.556000000000001,8.018157540711007
2023-01-25 13:02:00+00:00,7.843,8.044446997660016
2023-01-25 13:04:00+00:00,7.705,7.922730408399999
2023-01-25 13:06:00+00:00,8.165,7.969558961312219
2023-01-25 13:08:00+00:00,7.6129999999999995,8.44395634629274
2023-01-25 13:10:00+00:00,12.374,9.390944351028182
2023-01-25 13:12:00+00:00,7.774,9.40584108966882
2023-01-25 13:14:00+00:00,8.073,8.383991111953847
2023-01-25 13:16:00+00:00,7.061,7.744340771282294
2023-01-25 13:18:00+00:00,7.957999999999999,7.733859464311614
2023-01-25 13:20:00+00:00,8.372,8.154855255071066
2023-01-25 13:22:00+00:00,9.246,8.522418474608513
2023-01-25 13:24:00+00:00,7.912000000000001,8.351254702612142
2023-01-25 13:26:00+00:00,7.199,7.852274470445019
2023-01-25 13:28:00+00:00,8.073,7.665223869466884
2023-01-25 13:30:00+00:00,7.314,7.67637245445303
2023-01-25 13:32:00+00:00,7.981,7.738309675665805
2023-01-25 13:34:00+00:00,7.935,7.8788023481545855
2023-01-25 13:36:00+00:00,7.981,7.96808743888347
2023-01-25 13:38:00+00:00,7.8660000000000005,8.158523512174684
2023-01-25 13:40:00+00:00,9.66,8.57706646478325
2023-01-25 13:42:00+00:00,8.418,8.65756231617649
2023-01-25 13:44:00+00:00,7.291,8.388080470119485
2023-01-25 13:46:00+00:00,9.959,8.701125254642243
2023-01-25 13:48:00+00:00,9.384,9.091713958838449
2023-01-25 13:50:00+00:00,7.888999999999999,8.77517637706936
2023-01-25 13:52:00+00:00,8.717,8.370607730653106
2023-01-25 13:54:00+00:00,7.567,8.107674944561115
2023-01-25 13:56:00+00:00,8.05,7.881239685068377
2023-01-25 13:58:00+00:00,7.406000000000001,7.770863908405517
2023-01-25 14:00:00+00:00,8.05,7.8024931048274
2023-01-25 14:02:00+00:00,7.981,7.91876727797106
2023-01-25 14:04:00+00:00,7.797000000000001,7.996702120366198
2023-01-25 14:06:00+00:00,8.602,8.153161279299585
2023-01-25 14:08:00+00:00,8.004,8.289114911552577
2023-01-25 14:10:00+00:00,8.832,8.346025506808044
2023-01-25 14:12:00+00:00,7.6129999999999995,8.367045736468336
2023-01-25 14:14:00+00:00,9.591000000000001,8.537343108712053
2023-01-25 14:16:00+00:00,7.382999999999999,8.934121465057228
2023-01-25 14:18:00+00:00,12.857000000000001,9.676973497011332
2023-01-25 14:20:00+00:00,7.8660000000000005,9.64581231855746
2023-01-25 14:22:00+00:00,7.981,8.839824060754028
2023-01-25 14:24:00+00:00,10.189,8.79371341618893
2023-01-25 14:26:00+00:00,7.314,8.903122046036385
2023-01-25 14:28:00+00:00,10.948,9.024570358669845
2023-01-25 14:30:00+00:00,7.59,8.827015650654905
2023-01-25 14:32:00+00:00,7.912000000000001,8.189538429839539
2023-01-25 14:34:00+00:00,7.6129999999999995,8.151503118119688
2023-01-25 14:36:00+00:00,10.465,8.724358128484306
2023-01-25 14:38:00+00:00,8.096,8.837507606030584
2023-01-25 14:40:00+00:00,7.728,8.431600328549182
2023-01-25 14:42:00+00:00,9.269,8.533502720714694
2023-01-25 14:44:00+00:00,8.947000000000001,8.787581989061383
2023-01-25 14:46:00+00:00,8.234,8.63264024237249
2023-01-25 14:48:00+00:00,8.51,8.339223716335248
2023-01-25 14:50:00+00:00,7.497999999999999,8.03290313465046
2023-01-25 14:52:00+00:00,7.8660000000000005,7.832016997185693
2023-01-25 14:54:00+00:00,8.004,7.7248364853279226
2023-01-25 14:56:00+00:00,7.36,7.019695729532739
2023-01-25 14:58:00+00:00,3.082,5.25367722837421
2023-01-25 15:00:00+00:00,3.0589999999999997,3.26256449724457
2023-01-25 15:02:00+00:00,0.0,1.6122608548625583
2023-01-25 15:04:00+00:00,0.0,0.4567682773595017
2023-01-25 15:06:00+00:00,0.0,0.05642718402571494
2023-01-25 15:08:00+00:00,0.0,0.0027195930617555466
2023-01-25 15:10:00+00:00,0.0,4.922815505667508e-05
2023-01-25 15:12:00+00:00,0.0,3.302715111308286e-07
2023-01-25 15:14:00+00:00,0.0,8.17368231533233e-10
2023-01-25 15:16:00+00:00,0.0,7.449104125950463e-13
2023-01-25 15:18:00+00:00,0.0,2.4983620950642445e-16
2023-01-25 15:20:00+00:00,0.0,3.0828404536113454e-20
2023-01-25 15:22:00+00:00,0.0,0.0
2023-01-25 15:24:00+00:00,0.0,0.0
2023-01-25 15:26:00+00:00,0.0,0.0
2023-01-25 15:28:00+00:00,0.0,0.0
2023-01-25 15:30:00+00:00,0.0,0.0
2023-01-25 15:32:00+00:00,0.0,0.0
2023-01-25 15:34:00+00:00,0.0,0.0
2023-01-25 15:36:00+00:00,0.0,0.0
2023-01-25 15:38:00+00:00,0.0,0.0
2023-01-25 15:40:00+00:00,0.0,0.0
2023-01-25 15:42:00+00:00,0.0,0.0
2023-01-25 15:44:00+00:00,0.0,0.0
2023-01-25 15:46:00+00:00,0.0,0.0
2023-01-25 15:48:00+00:00,0.0,0.0
2023-01-25 15:50:00+00:00,0.0,0.0
2023-01-25 15:52:00+00:00,0.0,0.0
2023-01-25 15:54:00+00:00,0.0,0.0
2023-01-25 15:56:00+00:00,0.0,0.0
2023-01-25 15:58:00+00:00,0.0,0.0
2023-01-25 16:00:00+00:00,0.0,0.0
2023-01-25 16:02:00+00:00,0.0,0.0
2023-01-25 16:04:00+00:00,0.0,0.0
2023-01-25 16:06:00+00:00,0.0,0.0
2023-01-25 16:08:00+00:00,0.0,0.0
2023-01-25 16:10:00+00:00,0.0,0.0
2023-01-25 16:12:00+00:00,0.0,0.0
2023-01-25 16:14:00+00:00,0.0,0.0
2023-01-25 16:16:00+00:00,0.0,0.0
2023-01-25 16:18:00+00:00,0.0,0.0
2023-01-25 16:20:00+00:00,0.0,0.0
2023-01-25 16:22:00+00:00,0.0,0.0
2023-01-25 16:24:00+00:00,0.0,0.0
2023-01-25 16:26:00+00:00,0.0,0.0
2023-01-25 16:28:00+00:00,0.0,0.0
2023-01-25 16:30:00+00:00,0.0,0.0
2023-01-25 16:32:00+00:00,0.0,0.0
2023-01-25 16:34:00+00:00,0.0,0.0
2023-01-25 16:36:00+00:00,0.0,0.0
2023-01-25 16:38:00+00:00,0.0,0.0
2023-01-25 16:40:00+00:00,0.0,0.0
2023-01-25 16:42:00+00:00,0.0,0.0
2023-01-25 16:44:00+00:00,0.0,0.0
2023-01-25 16:46:00+00:00,0.0,0.0
2023-01-25 16:48:00+00:00,0.0,0.0
2023-01-25 16:50:00+00:00,0.0,0.0
2023-01-25 16:52:00+00:00,0.0,0.0
2023-01-25 16:54:00+00:00,0.0,0.0
2023-01-25 16:56:00+00:00,0.0,0.0
2023-01-25 16:58:00+00:00,0.0,0.0
2023-01-25 17:00:00+00:00,0.0,0.0
2023-01-25 17:02:00+00:00,0.0,0.0
2023-01-25 17:04:00+00:00,0.0,0.0
2023-01-25 17:06:00+00:00,0.0,0.0
2023-01-25 17:08:00+00:00,0.0,0.0
2023-01-25 17:10:00+00:00,0.0,0.0
2023-01-25 17:12:00+00:00,0.0,0.0
2023-01-25 17:14:00+00:00,0.0,0.0
2023-01-25 17:16:00+00:00,0.0,0.0
2023-01-25 17:18:00+00:00,0.0,0.0
2023-01-25 17:20:00+00:00,0.0,0.0
2023-01-25 17:22:00+00:00,0.0,0.0
2023-01-25 17:24:00+00:00,0.0,0.0
2023-01-25 17:26:00+00:00,0.0,0.0
2023-01-25 17:28:00+00:00,0.0,0.0
2023-01-25 17:30:00+00:00,0.0,0.0
2023-01-25 17:32:00+00:00,0.0,0.0
2023-01-25 17:34:00+00:00,0.0,0.0
2023-01-25 17:36:00+00:00,0.0,0.0
2023-01-25 17:38:00+00:00,0.0,0.0
2023-01-25 17:40:00+00:00,0.0,0.0
2023-01-25 17:42:00+00:00,0.0,0.0
2023-01-25 17:44:00+00:00,0.0,0.0
2023-01-25 17:46:00+00:00,0.0,0.0
2023-01-25 17:48:00+00:00,0.0,0.0
2023-01-25 17:50:00+00:00,0.0,0.0
2023-01-25 17:52:00+00:00,0.0,0.0
2023-01-25 17:54:00+00:00,0.0,0.0
2023-01-25 17:56:00+00:00,0.0,0.0
2023-01-25 17:58:00+00:00,0.0,0.0
2023-01-25 18:00:00+00:00,0.0,0.0
2023-01-25 18:02:00+00:00,0.0,0.0
2023-01-25 18:04:00+00:00,0.0,0.0
2023-01-25 18:06:00+00:00,0.0,0.0
2023-01-25 18:08:00+00:00,0.0,0.0
2023-01-25 18:10:00+00:00,0.0,0.0
2023-01-25 18:12:00+00:00,0.0,0.0
2023-01-25 18:14:00+00:00,0.0,0.0
2023-01-25 18:16:00+00:00,0.0,0.0
2023-01-25 18:18:00+00:00,0.0,0.0
2023-01-25 18:20:00+00:00,0.0,0.0
2023-01-25 18:22:00+00:00,0.0,0.0
2023-01-25 18:24:00+00:00,0.0,0.0
2023-01-25 18:26:00+00:00,0.0,0.0
2023-01-25 18:28:00+00:00,0.0,0.0
2023-01-25 18:30:00+00:00,0.0,0.0
2023-01-25 18:32:00+00:00,0.0,0.0
2023-01-25 18:34:00+00:00,0.0,0.0
2023-01-25 18:36:00+00:00,0.0,0.0
2023-01-25 18:38:00+00:00,0.0,0.0
2023-01-25 18:40:00+00:00,0.0,0.0
2023-01-25 18:42:00+00:00,0.0,0.0
2023-01-25 18:44:00+00:00,0.0,0.0
2023-01-25 18:46:00+00:00,0.0,0.0
2023-01-25 18:48:00+00:00,0.0,0.0
2023-01-25 18:50:00+00:00,0.0,0.0
2023-01-25 18:52:00+00:00,0.0,0.0
2023-01-25 18:54:00+00:00,0.0,0.0
2023-01-25 18:56:00+00:00,0.0,0.0
2023-01-25 18:58:00+00:00,0.0,0.0
2023-01-25 19:00:00+00:00,0.0,0.0
2023-01-25 19:02:00+00:00,0.0,0.0
2023-01-25 19:04:00+00:00,0.0,0.0
2023-01-25 19:06:00+00:00,0.0,0.0
2023-01-25 19:08:00+00:00,0.0,0.0
2023-01-25 19:10:00+00:00,0.0,0.0
2023-01-25 19:12:00+00:00,0.0,0.0
2023-01-25 19:14:00+00:00,0.0,0.0
2023-01-25 19:16:00+00:00,0.0,0.0
2023-01-25 19:18:00+00:00,0.0,0.0
2023-01-25 19:20:00+00:00,0.0,0.0
2023-01-25 19:22:00+00:00,0.0,0.0
2023-01-25 19:24:00+00:00,0.0,0.0
2023-01-25 19:26:00+00:00,0.0,0.0
2023-01-25 19:28:00+00:00,0.0,0.0
2023-01-25 19:30:00+00:00,0.0,0.0
2023-01-25 19:32:00+00:00,0.0,0.0
2023-01-25 19:34:00+00:00,0.0,0.0
2023-01-25 19:36:00+00:00,0.0,0.0
2023-01-25 19:38:00+00:00,0.0,0.0
2023-01-25 19:40:00+00:00,0.0,0.0
2023-01-25 19:42:00+00:00,0.0,0.0
2023-01-25 19:44:00+00:00,0.0,0.0
2023-01-25 19:46:00+00:00,0.0,0.0
2023-01-25 19:48:00+00:00,0.0,0.0
2023-01-25 19:50:00+00:00,0.0,0.0
2023-01-25 19:52:00+00:00,0.0,0.0
2023-01-25 19:54:00+00:00,0.0,0.0
2023-01-25 19:56:00+00:00,0.0,0.0
2023-01-25 19:58:00+00:00,0.0,0.0
2023-01-25 20:00:00+00:00,0.0,0.0
2023-01-25 20:02:00+00:00,0.0,0.0
2023-01-25 20:04:00+00:00,0.0,0.0
2023-01-25 20:06:00+00:00,0.0,0.0
2023-01-25 20:08:00+00:00,0.0,0.0
2023-01-25 20:10:00+00:00,0.0,0.0
2023-01-25 20:12:00+00:00,0.0,0.0
2023-01-25 20:14:00+00:00,0.0,0.0
2023-01-25 20:16:00+00:00,0.0,0.0
2023-01-25 20:18:00+00:00,0.0,0.0
2023-01-25 20:20:00+00:00,0.0,0.0
2023-01-25 20:22:00+00:00,0.0,0.0
2023-01-25 20:24:00+00:00,0.0,0.0
2023-01-25 20:26:00+00:00,0.0,0.0
2023-01-25 20:28:00+00:00,0.0,0.0
2023-01-25 20:30:00+00:00,0.0,0.0
2023-01-25 20:32:00+00:00,0.0,0.0
2023-01-25 20:34:00+00:00,0.0,0.0
2023-01-25 20:36:00+00:00,0.0,0.0
2023-01-25 20:38:00+00:00,0.0,0.0
2023-01-25 20:40:00+00:00,0.0,0.0
2023-01-25 20:42:00+00:00,0.0,0.0
2023-01-25 20:44:00+00:00,0.0,0.0
2023-01-25 20:46:00+00:00,0.0,0.0
2023-01-25 20:48:00+00:00,0.0,0.0
2023-01-25 20:50:00+00:00,0.0,0.0
2023-01-25 20:52:00+00:00,0.0,0.0
2023-01-25 20:54:00+00:00,0.0,0.0
2023-01-25 20:56:00+00:00,0.0,0.0
2023-01-25 20:58:00+00:00,0.0,0.0
2023-01-25 21:00:00+00:00,0.0,0.0
2023-01-25 21:02:00+00:00,0.0,0.0
2023-01-25 21:04:00+00:00,0.0,0.0
2023-01-25 21:06:00+00:00,0.0,0.0
2023-01-25 21:08:00+00:00,0.0,0.0
2023-01-25 21:10:00+00:00,0.0,0.0
2023-01-25 21:12:00+00:00,0.0,0.0
2023-01-25 21:14:00+00:00,0.0,0.0
2023-01-25 21:16:00+00:00,0.0,0.0
2023-01-25 21:18:00+00:00,0.0,0.0
2023-01-25 21:20:00+00:00,0.0,0.0
2023-01-25 21:22:00+00:00,0.0,0.0
2023-01-25 21:24:00+00:00,0.0,0.0
2023-01-25 21:26:00+00:00,0.0,0.0
2023-01-25 21:28:00+00:00,0.0,0.0
2023-01-25 21:30:00+00:00,0.0,0.0
2023-01-25 21:32:00+00:00,0.0,0.0
2023-01-25 21:34:00+00:00,0.0,0.0
2023-01-25 21:36:00+00:00,0.0,0.0
2023-01-25 21:38:00+00:00,0.0,0.0
2023-01-25 21:40:00+00:00,0.0,0.0
2023-01-25 21:42:00+00:00,0.0,0.0
2023-01-25 21:44:00+00:00,0.0,0.0
2023-01-25 21:46:00+00:00,0.0,0.0
2023-01-25 21:48:00+00:00,0.0,0.0
2023-01-25 21:50:00+00:00,0.0,0.0
2023-01-25 21:52:00+00:00,0.0,0.0
2023-01-25 21:54:00+00:00,0.0,0.0
2023-01-25 21:56:00+00:00,0.0,0.0
2023-01-25 21:58:00+00:00,0.0,0.0
2023-01-25 22:00:00+00:00,0.0,0.0
2023-01-25 22:02:00+00:00,0.0,0.0
2023-01-25 22:04:00+00:00,0.0,0.0
2023-01-25 22:06:00+00:00,0.0,0.0
2023-01-25 22:08:00+00:00,0.0,0.0
2023-01-25 22:10:00+00:00,0.0,0.0
2023-01-25 22:12:00+00:00,0.0,0.0
2023-01-25 22:14:00+00:00,0.0,0.0
2023-01-25 22:16:00+00:00,0.0,0.0
2023-01-25 22:18:00+00:00,0.0,0.0
2023-01-25 22:20:00+00:00,0.0,0.0
2023-01-25 22:22:00+00:00,0.0,0.0
2023-01-25 22:24:00+00:00,0.0,0.0
2023-01-25 22:26:00+00:00,0.0,0.0
2023-01-25 22:28:00+00:00,0.0,0.0
2023-01-25 22:30:00+00:00,0.0,0.0
2023-01-25 22:32:00+00:00,0.0,0.0
2023-01-25 22:34:00+00:00,0.0,0.0
2023-01-25 22:36:00+00:00,0.0,0.0
2023-01-25 22:38:00+00:00,0.0,0.0
2023-01-25 22:40:00+00:00,0.0,0.0
2023-01-25 22:42:00+00:00,0.0,0.0
2023-01-25 22:44:00+00:00,0.0,0.0
2023-01-25 22:46:00+00:00,0.0,0.0
2023-01-25 22:48:00+00:00,0.0,0.0
2023-01-25 22:50:00+00:00,0.0,0.0
2023-01-25 22:52:00+00:00,0.0,0.0
2023-01-25 22:54:00+00:00,0.0,0.0
2023-01-25 22:56:00+00:00,0.0,0.0
2023-01-25 22:58:00+00:00,0.0,0.0
2023-01-25 23:00:00+00:00,0.0,0.0
2023-01-25 23:02:00+00:00,0.0,0.0
2023-01-25 23:04:00+00:00,0.0,0.0
2023-01-25 23:06:00+00:00,0.0,0.0
2023-01-25 23:08:00+00:00,0.0,0.0
2023-01-25 23:10:00+00:00,0.0,0.0
2023-01-25 23:12:00+00:00,0.0,0.0
2023-01-25 23:14:00+00:00,0.0,0.0
2023-01-25 23:16:00+00:00,0.0,0.0
2023-01-25 23:18:00+00:00,0.0,0.0
2023-01-25 23:20:00+00:00,0.0,0.0
2023-01-25 23:22:00+00:00,0.0,0.0
2023-01-25 23:24:00+00:00,0.0,0.0
2023-01-25 23:26:00+00:00,0.0,0.0
2023-01-25 23:28:00+00:00,0.0,0.0
2023-01-25 23:30:00+00:00,0.0,0.0
2023-01-25 23:32:00+00:00,0.0,0.0
2023-01-25 23:34:00+00:00,0.0,0.0
2023-01-25 23:36:00+00:00,0.0,0.0
2023-01-25 23:38:00+00:00,0.0,0.0
2023-01-25 23:40:00+00:00,0.0,0.0
2023-01-25 23:42:00+00:00,0.0,0.0
2023-01-25 23:44:00+00:00,0.0,0.0
2023-01-25 23:46:00+00:00,0.0,0.0
2023-01-25 23:48:00+00:00,0.0,0.0
2023-01-25 23:50:00+00:00,0.0,0.0
2023-01-25 23:52:00+00:00,0.0,0.0
2023-01-25 23:54:00+00:00,0.0,0.0
2023-01-25 23:56:00+00:00,0.0,0.0
2023-01-25 23:58:00+00:00,0.0,0.0
2023-01-26 00:00:00+00:00,0.0,0.0
2023-01-26 00:02:00+00:00,0.0,0.0
2023-01-26 00:04:00+00:00,0.0,0.0
2023-01-26 00:06:00+00:00,0.0,0.0
2023-01-26 00:08:00+00:00,0.0,0.0
2023-01-26 00:10:00+00:00,0.0,0.0
2023-01-26 00:12:00+00:00,0.0,0.0
2023-01-26 00:14:00+00:00,0.0,0.0
2023-01-26 00:16:00+00:00,0.0,0.0
2023-01-26 00:18:00+00:00,0.0,0.0
2023-01-26 00:20:00+00:00,0.0,0.0
2023-01-26 00:22:00+00:00,0.0,0.0
2023-01-26 00:24:00+00:00,0.0,0.0
2023-01-26 00:26:00+00:00,0.0,0.0
2023-01-26 00:28:00+00:00,0.0,0.0
2023-01-26 00:30:00+00:00,0.0,0.0
2023-01-26 00:32:00+00:00,0.0,0.0
2023-01-26 00:34:00+00:00,0.0,0.0
2023-01-26 00:36:00+00:00,0.0,0.0
2023-01-26 00:38:00+00:00,0.0,0.0
2023-01-26 00:40:00+00:00,0.0,0.0
2023-01-26 00:42:00+00:00,0.0,0.0
2023-01-26 00:44:00+00:00,0.0,0.0
2023-01-26 00:46:00+00:00,0.0,0.0
2023-01-26 00:48:00+00:00,0.0,0.0
2023-01-26 00:50:00+00:00,0.0,0.0
2023-01-26 00:52:00+00:00,0.0,0.0
2023-01-26 00:54:00+00:00,0.0,0.0
2023-01-26 00:56:00+00:00,0.0,0.0
2023-01-26 00:58:00+00:00,0.0,0.0
2023-01-26 01:00:00+00:00,0.0,0.0
2023-01-26 01:02:00+00:00,0.0,0.0
2023-01-26 01:04:00+00:00,0.0,0.0
2023-01-26 01:06:00+00:00,0.0,0.0
2023-01-26 01:08:00+00:00,0.0,0.0
2023-01-26 01:10:00+00:00,0.0,0.0
2023-01-26 01:12:00+00:00,0.0,0.0
2023-01-26 01:14:00+00:00,0.0,0.0
2023-01-26 01:16:00+00:00,0.0,0.0
2023-01-26 01:18:00+00:00,0.0,0.0
2023-01-26 01:20:00+00:00,0.0,0.0
2023-01-26 01:22:00+00:00,0.0,0.0
2023-01-26 01:24:00+00:00,0.0,0.0
2023-01-26 01:26:00+00:00,0.0,0.0
2023-01-26 01:28:00+00:00,0.0,0.0
2023-01-26 01:30:00+00:00,0.0,0.0
2023-01-26 01:32:00+00:00,0.0,0.0
2023-01-26 01:34:00+00:00,0.0,0.0
2023-01-26 01:36:00+00:00,0.0,0.0
2023-01-26 01:38:00+00:00,0.0,0.0
2023-01-26 01:40:00+00:00,0.0,0.0
2023-01-26 01:42:00+00:00,0.0,0.0
2023-01-26 01:44:00+00:00,0.0,0.0
2023-01-26 01:46:00+00:00,0.0,0.0
2023-01-26 01:48:00+00:00,0.0,0.0
2023-01-26 01:50:00+00:00,0.0,0.0
2023-01-26 01:52:00+00:00,0.0,0.0
2023-01-26 01:54:00+00:00,0.0,0.0
2023-01-26 01:56:00+00:00,0.0,0.0
2023-01-26 01:58:00+00:00,0.0,0.0
2023-01-26 02:00:00+00:00,0.0,0.0
2023-01-26 02:02:00+00:00,0.0,0.0
2023-01-26 02:04:00+00:00,0.0,0.0
2023-01-26 02:06:00+00:00,0.0,0.0
2023-01-26 02:08:00+00:00,0.0,0.0
2023-01-26 02:10:00+00:00,0.0,0.0
2023-01-26 02:12:00+00:00,0.0,0.0
2023-01-26 02:14:00+00:00,0.0,0.0
2023-01-26 02:16:00+00:00,0.0,0.0
2023-01-26 02:18:00+00:00,0.0,0.0
2023-01-26 02:20:00+00:00,0.0,0.0
2023-01-26 02:22:00+00:00,0.0,0.0
2023-01-26 02:24:00+00:00,0.0,0.0
2023-01-26 02:26:00+00:00,0.0,0.0
2023-01-26 02:28:00+00:00,0.0,0.0
2023-01-26 02:30:00+00:00,0.0,0.0
2023-01-26 02:32:00+00:00,0.0,0.0
2023-01-26 02:34:00+00:00,0.0,0.0
2023-01-26 02:36:00+00:00,0.0,0.0
2023-01-26 02:38:00+00:00,0.0,0.0
2023-01-26 02:40:00+00:00,0.0,0.0
2023-01-26 02:42:00+00:00,0.0,0.0
2023-01-26 02:44:00+00:00,0.0,0.0
2023-01-26 02:46:00+00:00,0.0,0.0
2023-01-26 02:48:00+00:00,0.0,0.0
2023-01-26 02:50:00+00:00,0.0,0.0
2023-01-26 02:52:00+00:00,0.0,0.0
2023-01-26 02:54:00+00:00,0.0,0.0
2023-01-26 02:56:00+00:00,0.0,0.0
2023-01-26 02:58:00+00:00,0.0,0.0
2023-01-26 03:00:00+00:00,0.0,0.0
2023-01-26 03:02:00+00:00,0.0,0.0
2023-01-26 03:04:00+00:00,0.0,0.0
2023-01-26 03:06:00+00:00,0.0,0.0
2023-01-26 03:08:00+00:00,0.0,0.0
2023-01-26 03:10:00+00:00,0.0,0.0
2023-01-26 03:12:00+00:00,0.0,0.0
2023-01-26 03:14:00+00:00,0.0,0.0
2023-01-26 03:16:00+00:00,0.0,0.0
2023-01-26 03:18:00+00:00,0.0,0.0
2023-01-26 03:20:00+00:00,0.0,0.0
2023-01-26 03:22:00+00:00,0.0,0.0
2023-01-26 03:24:00+00:00,0.0,0.0
2023-01-26 03:26:00+00:00,0.0,0.0
2023-01-26 03:28:00+00:00,0.0,0.0
2023-01-26 03:30:00+00:00,0.0,0.0
2023-01-26 03:32:00+00:00,0.0,0.0
2023-01-26 03:34:00+00:00,0.0,0.0
2023-01-26 03:36:00+00:00,0.0,0.0
2023-01-26 03:38:00+00:00,0.0,0.0
2023-01-26 03:40:00+00:00,0.0,0.0
2023-01-26 03:42:00+00:00,0.0,0.0
2023-01-26 03:44:00+00:00,0.0,0.0
2023-01-26 03:46:00+00:00,0.0,0.0
2023-01-26 03:48:00+00:00,0.0,0.0
2023-01-26 03:50:00+00:00,0.0,0.0
2023-01-26 03:52:00+00:00,0.0,0.0
2023-01-26 03:54:00+00:00,0.0,0.0
2023-01-26 03:56:00+00:00,0.0,0.0
2023-01-26 03:58:00+00:00,0.0,0.0
2023-01-26 04:00:00+00:00,0.0,0.0
2023-01-26 04:02:00+00:00,0.0,0.0
2023-01-26 04:04:00+00:00,0.0,0.0
2023-01-26 04:06:00+00:00,0.0,0.0
2023-01-26 04:08:00+00:00,0.0,0.0
2023-01-26 04:10:00+00:00,0.0,0.0
2023-01-26 04:12:00+00:00,0.0,0.0
2023-01-26 04:14:00+00:00,0.0,0.0
2023-01-26 04:16:00+00:00,0.0,0.0
2023-01-26 04:18:00+00:00,0.0,0.0
2023-01-26 04:20:00+00:00,0.0,0.0
2023-01-26 04:22:00+00:00,0.0,0.0
2023-01-26 04:24:00+00:00,0.0,0.0
2023-01-26 04:26:00+00:00,0.0,0.0
2023-01-26 04:28:00+00:00,0.0,0.0
2023-01-26 04:30:00+00:00,0.0,0.0
2023-01-26 04:32:00+00:00,0.0,0.0
2023-01-26 04:34:00+00:00,0.0,0.0
2023-01-26 04:36:00+00:00,0.0,0.0
2023-01-26 04:38:00+00:00,0.0,0.0
2023-01-26 04:40:00+00:00,0.0,0.0
2023-01-26 04:42:00+00:00,0.0,0.0
2023-01-26 04:44:00+00:00,0.0,0.0
2023-01-26 04:46:00+00:00,0.0,0.0
2023-01-26 04:48:00+00:00,0.0,3.059661202080433e-20
2023-01-26 04:50:00+00:00,0.0,2.4800317484157613e-16
2023-01-26 04:52:00+00:00,0.0,7.396777388901078e-13
2023-01-26 04:54:00+00:00,0.0,8.123201079115261e-10
2023-01-26 04:56:00+00:00,0.0,3.289919528216647e-07
2023-01-26 04:58:00+00:00,0.0,4.934376151468788e-05
2023-01-26 05:00:00+00:00,0.0,0.002771292664630179
2023-01-26 05:02:00+00:00,0.0,0.05995051684474832
2023-01-26 05:04:00+00:00,0.0,0.5330866313337252
2023-01-26 05:06:00+00:00,3.036,2.198780767348695
2023-01-26 05:08:00+00:00,7.567,4.935383873129675
2023-01-26 05:10:00+00:00,8.142000000000001,7.112976146924381
2023-01-26 05:12:00+00:00,8.027000000000001,7.932107487078703
2023-01-26 05:14:00+00:00,8.096,8.129327299703583
2023-01-26 05:16:00+00:00,8.579,8.280302815622715
2023-01-26 05:18:00+00:00,8.257,8.337701423641834
2023-01-26 05:20:00+00:00,8.211,8.265715994355746
2023-01-26 05:22:00+00:00,8.165,8.202343264133004
2023-01-26 05:24:00+00:00,8.142000000000001,8.204133042631671
2023-01-26 05:26:00+00:00,8.441,8.279748242981507
2023-01-26 05:28:00+00:00,8.372,8.306903388707141
2023-01-26 05:30:00+00:00,8.096,8.13191854695992
2023-01-26 05:32:00+00:00,7.222,7.876161418167322
2023-01-26 05:34:00+00:00,8.464,7.901082140589675
2023-01-26 05:36:00+00:00,8.05,7.990744734859141
2023-01-26 05:38:00+00:00,7.13,7.912248417464122
2023-01-26 05:40:00+00:00,9.222999999999999,8.118140539521654
2023-01-26 05:42:00+00:00,7.728,8.336169328790426
2023-01-26 05:44:00+00:00,8.878,8.424606428949048
2023-01-26 05:46:00+00:00,7.6129999999999995,9.051338702772876
2023-01-26 05:48:00+00:00,14.651,10.539728916411935
2023-01-26 05:50:00+00:00,9.844,10.849130815053053
2023-01-26 05:52:00+00:00,7.176,9.21368048771594
2023-01-26 05:54:00+00:00,8.004,8.053584550766939
2023-01-26 05:56:00+00:00,7.935,7.871644641701406
2023-01-26 05:58:00+00:00,7.774,7.811381878798152
2023-01-26 06:00:00+00:00,7.521,7.663369916310612
2023-01-26 06:02:00+00:00,7.291,7.687928800373327
2023-01-26 06:04:00+00:00,8.51,8.389570627151697
2023-01-26 06:06:00+00:00,12.005999999999998,9.546063156425546
2023-01-26 06:08:00+00:00,8.372,9.695125357058515
2023-01-26 06:10:00+00:00,8.302999999999999,9.212740897997442
2023-01-26 06:12:00+00:00,11.523,9.405287551892933
2023-01-26 06:14:00+00:00,7.521,9.146003880776743
2023-01-26 06:16:00+00:00,8.027000000000001,8.483943455548689
2023-01-26 06:18:00+00:00,9.131,8.661528666127001
2023-01-26 06:20:00+00:00,9.982000000000001,9.071765384729712
2023-01-26 06:22:00+00:00,7.843,8.772527783204477
2023-01-26 06:24:00+00:00,7.888999999999999,8.167390682078775
2023-01-26 06:26:00+00:00,7.8660000000000005,7.943749546515867
2023-01-26 06:28:00+00:00,8.165,7.94593067789737
2023-01-26 06:30:00+00:00,7.6129999999999995,7.907010315046836
2023-01-26 06:32:00+00:00,8.027000000000001,7.90261026921258
2023-01-26 06:34:00+00:00,8.05,8.006812403449167
2023-01-26 06:36:00+00:00,8.234,8.06629929458639
2023-01-26 06:38:00+00:00,7.843,7.955675717762984
2023-01-26 06:40:00+00:00,7.428999999999999,7.743182747134897
2023-01-26 06:42:00+00:00,7.774,7.689201545872006
2023-01-26 06:44:00+00:00,7.843,7.8378960188094595
2023-01-26 06:46:00+00:00,8.349,8.056914137051242
2023-01-26 06:48:00+00:00,8.234,8.163284262317523
2023-01-26 06:50:00+00:00,7.935,8.037650195254626
2023-01-26 06:52:00+00:00,7.497999999999999,7.844324423087958
2023-01-26 06:54:00+00:00,8.05,7.849701854013545
2023-01-26 06:56:00+00:00,8.05,8.019371047524821
2023-01-26 06:58:00+00:00,8.349,8.169194974373172
2023-01-26 07:00:00+00:00,8.302999999999999,8.17442367976919
2023-01-26 07:02:00+00:00,7.544,7.97234889744509
2023-01-26 07:04:00+00:00,7.82,7.842887815781461
2023-01-26 07:06:00+00:00,8.211,7.909065737066527
2023-01-26 07:08:00+00:00,7.682,7.877728734613568
2023-01-26 07:10:00+00:00,7.59,7.767181941888511
2023-01-26 07:12:00+00:00,7.957999999999999,7.833650766674856
2023-01-26 07:14:00+00:00,8.326,7.9475641845863345
2023-01-26 07:16:00+00:00,7.36,7.802409998150781
2023-01-26 07:18:00+00:00,7.337000000000001,7.6680985215231
2023-01-26 07:20:00+00:00,8.671,7.905995494493031
2023-01-26 07:22:00+00:00,7.981,8.007740433403951
2023-01-26 07:24:00+00:00,7.015,7.741347552246343
2023-01-26 07:26:00+00:00,8.142000000000001,7.724372955678226
2023-01-26 07:28:00+00:00,8.096,7.950935532084454
2023-01-26 07:30:00+00:00,8.027000000000001,7.980024790908591
2023-01-26 07:32:00+00:00,7.475,7.863885791712232
2023-01-26 07:34:00+00:00,8.211,7.875928963153333
2023-01-26 07:36:00+00:00,7.888999999999999,7.938867559394627
2023-01-26 07:38:00+00:00,7.728,7.9225774526248
2023-01-26 07:40:00+00:00,8.395,7.946277811208997
2023-01-26 07:42:00+00:00,7.314,7.888515521053874
2023-01-26 07:44:00+00:00,8.142000000000001,7.927988671687165
2023-01-26 07:46:00+00:00,8.533,8.176876165602062
2023-01-26 07:48:00+00:00,8.28,8.17742689264869
2023-01-26 07:50:00+00:00,7.176,7.809049786104039
2023-01-26 07:52:00+00:00,7.521,7.515992079184779
2023-01-26 07:54:00+00:00,7.567,7.461387599969593
2023-01-26 07:56:00+00:00,7.176,7.408088444728874
2023-01-26 07:58:00+00:00,7.475,7.421873961494552
2023-01-26 08:00:00+00:00,7.705,7.589366612175108
2023-01-26 08:02:00+00:00,8.05,7.724311967952232
2023-01-26 08:04:00+00:00,7.245,7.63804003461573
2023-01-26 08:06:00+00:00,7.497999999999999,7.55013895119282
2023-01-26 08:08:00+00:00,7.981,7.6708534538156465
2023-01-26 08:10:00+00:00,7.705,7.735469534610607
2023-01-26 08:12:00+00:00,7.406000000000001,7.677110851836538
2023-01-26 08:14:00+00:00,8.096,7.708249625953757
2023-01-26 08:16:00+00:00,7.406000000000001,7.731347069135826
2023-01-26 08:18:00+00:00,8.004,7.701299118628448
2023-01-26 08:20:00+00:00,7.36,7.629080296206628
2023-01-26 08:22:00+00:00,7.428999999999999,7.576848491071495
2023-01-26 08:24:00+00:00,8.187999999999999,7.701331859790905
2023-01-26 08:26:00+00:00,7.337000000000001,7.778091598435854
2023-01-26 08:28:00+00:00,8.349,7.795847119554707
2023-01-26 08:30:00+00:00,7.153,7.746223332348089
2023-01-26 08:32:00+00:00,8.187999999999999,7.655219019332214
2023-01-26 08:34:00+00:00,6.877000000000001,7.549487028075802
2023-01-26 08:36:00+00:00,7.981,7.495262630699384
2023-01-26 08:38:00+00:00,7.176,7.510289993830119
2023-01-26 08:40:00+00:00,7.705,7.493879117919321
2023-01-26 08:42:00+00:00,7.337000000000001,7.518852024471185
2023-01-26 08:44:00+00:00,7.774,7.588345857336194
2023-01-26 08:46:00+00:00,7.6129999999999995,7.718181798023056
2023-01-26 08:48:00+00:00,8.257,7.852995217147956
2023-01-26 08:50:00+00:00,7.59,7.837203187100253
2023-01-26 08:52:00+00:00,7.6129999999999995,7.707638449291852
2023-01-26 08:54:00+00:00,7.797000000000001,7.6541835633617366
2023-01-26 08:56:00+00:00,7.337000000000001,7.606951372149041
2023-01-26 08:58:00+00:00,7.843,7.599507347793399
2023-01-26 09:00:00+00:00,7.382999999999999,7.647922864301946
2023-01-26 09:02:00+00:00,8.096,7.779124444074801
2023-01-26 09:04:00+00:00,7.82,8.012633474337559
2023-01-26 09:06:00+00:00,9.062000000000001,8.226450430998952
2023-01-26 09:08:00+00:00,7.291,8.140482245249826
2023-01-26 09:10:00+00:00,8.395,7.930114715336468
2023-01-26 09:12:00+00:00,7.268,7.817120957778612
2023-01-26 09:14:00+00:00,8.05,7.820899934473102
2023-01-26 09:16:00+00:00,8.142000000000001,7.99169297228565
2023-01-26 09:18:00+00:00,8.211,8.01042907111732
2023-01-26 09:20:00+00:00,7.153,7.8066850683755895
2023-01-26 09:22:00+00:00,8.119,7.764458309044686
2023-01-26 09:24:00+00:00,7.728,8.026657972512021
2023-01-26 09:26:00+00:00,9.522,8.362332417707222
2023-01-26 09:28:00+00:00,7.382999999999999,8.286708160764366
2023-01-26 09:30:00+00:00,8.119,7.91980009719699
2023-01-26 09:32:00+00:00,7.222,7.731699463327502
2023-01-26 09:34:00+00:00,8.234,7.718186186991284
2023-01-26 09:36:00+00:00,7.245,7.717552682255094
2023-01-26 09:38:00+00:00,8.142000000000001,7.66924262899083
2023-01-26 09:40:00+00:00,6.946000000000001,7.614109083098451
2023-01-26 09:42:00+00:00,8.302999999999999,7.678389497728366
2023-01-26 09:44:00+00:00,7.406000000000001,7.8674182288922
2023-01-26 09:46:00+00:00,8.832,8.100938834560514
2023-01-26 09:48:00+00:00,7.728,8.362120233659985
2023-01-26 09:50:00+00:00,9.775,8.682036010379848
2023-01-26 09:52:00+00:00,8.441,8.757042668705662
2023-01-26 09:54:00+00:00,7.843,8.45827478958235
2023-01-26 09:56:00+00:00,9.062000000000001,8.369278006471191
2023-01-26 09:58:00+00:00,7.705,8.254805945185012
2023-01-26 10:00:00+00:00,8.096,7.940433588536992
2023-01-26 10:02:00+00:00,7.061,7.655950781064781
2023-01-26 10:04:00+00:00,7.843,7.563796725797517
2023-01-26 10:06:00+00:00,7.6129999999999995,7.62573381332689
2023-01-26 10:08:00+00:00,7.521,7.646862640601146
2023-01-26 10:10:00+00:00,8.004,7.689254872014597
2023-01-26 10:12:00+00:00,7.314,7.675621680061749
2023-01-26 10:14:00+00:00,7.981,7.6484368765626884
2023-01-26 10:16:00+00:00,7.268,7.638695889669471
2023-01-26 10:18:00+00:00,8.004,7.665351939409309
2023-01-26 10:20:00+00:00,7.544,7.703799364021935
2023-01-26 10:22:00+00:00,7.751,7.663574026217612
2023-01-26 10:24:00+00:00,7.521,7.578983438080088
2023-01-26 10:26:00+00:00,7.222,7.480735621593396
2023-01-26 10:28:00+00:00,7.774,7.525973399467986
2023-01-26 10:30:00+00:00,7.59,7.652747220947649
2023-01-26 10:32:00+00:00,8.004,7.70601701767235
2023-01-26 10:34:00+00:00,7.176,7.6378543131190995
2023-01-26 10:36:00+00:00,7.981,7.59802620413526
2023-01-26 10:38:00+00:00,7.245,7.608827661750059
2023-01-26 10:40:00+00:00,8.004,7.6216948422492585
2023-01-26 10:42:00+00:00,7.337000000000001,7.587668151803391
2023-01-26 10:44:00+00:00,7.36,7.530358387132001
2023-01-26 10:46:00+00:00,8.119,7.630250064943575
2023-01-26 10:48:00+00:00,7.222,7.670063481499196
2023-01-26 10:50:00+00:00,8.096,7.643836777746433
2023-01-26 10:52:00+00:00,7.107,7.584246796208328
2023-01-26 10:54:00+00:00,7.797000000000001,7.531632381394199
2023-01-26 10:56:00+00:00,7.497999999999999,7.517139035485096
2023-01-26 10:58:00+00:00,7.061,7.461530702404543
2023-01-26 11:00:00+00:00,8.096,7.613912955728841
2023-01-26 11:02:00+00:00,7.935,7.791013752339959
2023-01-26 11:04:00+00:00,7.36,7.69442599566071
2023-01-26 11:06:00+00:00,7.659,7.578129917095584
2023-01-26 11:08:00+00:00,7.521,7.574657936312605
2023-01-26 11:10:00+00:00,7.6129999999999995,7.612918638959583
2023-01-26 11:12:00+00:00,7.888999999999999,7.664803544352632
2023-01-26 11:14:00+00:00,7.291,7.646828613207391
2023-01-26 11:16:00+00:00,8.073,7.639539706221918
2023-01-26 11:18:00+00:00,7.153,7.59285544883041
2023-01-26 11:20:00+00:00,7.705,7.567944564619037
2023-01-26 11:22:00+00:00,7.912000000000001,7.6425538502658785
2023-01-26 11:24:00+00:00,7.107,7.607131654011884
2023-01-26 11:26:00+00:00,8.165,7.611352265043376
2023-01-26 11:28:00+00:00,7.084,7.638262867924643
2023-01-26 11:30:00+00:00,8.234,7.688152340401871
2023-01-26 11:32:00+00:00,7.428999999999999,7.7359010976285205
2023-01-26 11:34:00+00:00,7.82,7.702739162228509
2023-01-26 11:36:00+00:00,7.705,7.691836338747417
2023-01-26 11:38:00+00:00,7.497999999999999,7.635901403332642
2023-01-26 11:40:00+00:00,7.751,7.558812693888492
2023-01-26 11:42:00+00:00,6.968999999999999,7.460263111772705
2023-01-26 11:44:00+00:00,7.957999999999999,7.481554289479875
2023-01-26 11:46:00+00:00,7.245,7.5634663575056775
2023-01-26 11:48:00+00:00,7.935,7.614854965173683
2023-01-26 11:50:00+00:00,7.497999999999999,7.642366387463598
2023-01-26 11:52:00+00:00,7.567,7.623420613518574
2023-01-26 11:54:00+00:00,7.888999999999999,7.656062999655628
2023-01-26 11:56:00+00:00,7.36,7.635812485412615
2023-01-26 11:58:00+00:00,7.912000000000001,7.5461293826691875
2023-01-26 12:00:00+00:00,6.67,7.387193549729621
2023-01-26 12:02:00+00:00,7.8660000000000005,7.3831527427824115
2023-01-26 12:04:00+00:00,7.36,7.580044844666583
2023-01-26 12:06:00+00:00,8.257,7.777093621779638
2023-01-26 12:08:00+00:00,7.636,7.87244538698143
2023-01-26 12:10:00+00:00,8.004,7.880630106884933
2023-01-26 12:12:00+00:00,7.705,8.031445624411232
2023-01-26 12:14:00+00:00,9.338,8.385793396292273
2023-01-26 12:16:00+00:00,8.234,8.468431946863271
2023-01-26 12:18:00+00:00,7.659,8.102000010933894
2023-01-26 12:20:00+00:00,7.912000000000001,7.778750389881179
2023-01-26 12:22:00+00:00,7.015,7.603390299539794
2023-01-26 12:24:00+00:00,8.257,7.623738216274844
2023-01-26 12:26:00+00:00,7.268,7.643670466526336
2023-01-26 12:28:00+00:00,7.544,7.584234063831129
2023-01-26 12:30:00+00:00,8.004,7.646964248559515
2023-01-26 12:32:00+00:00,7.199,7.646553971316085
2023-01-26 12:34:00+00:00,8.096,7.643353565477042
2023-01-26 12:36:00+00:00,7.222,7.653242887259555
2023-01-26 12:38:00+00:00,8.05,7.67203580642135
2023-01-26 12:40:00+00:00,7.497999999999999,7.700285342545173
2023-01-26 12:42:00+00:00,7.728,7.674064183547233
2023-01-26 12:44:00+00:00,7.705,7.6732315189573255
2023-01-26 12:46:00+00:00,7.544,7.66094749001586
2023-01-26 12:48:00+00:00,7.843,7.665243924366461
2023-01-26 12:50:00+00:00,7.406000000000001,7.672851810871937
2023-01-26 12:52:00+00:00,8.119,7.702151328060783
2023-01-26 12:54:00+00:00,7.222,7.672227175925172
2023-01-26 12:56:00+00:00,7.957999999999999,7.64777780314287
2023-01-26 12:58:00+00:00,7.382999999999999,7.7517933486064035
2023-01-26 13:00:00+00:00,8.671,7.987317171397488
2023-01-26 13:02:00+00:00,7.705,8.23921333957561
2023-01-26 13:04:00+00:00,9.453,8.471950410917184
2023-01-26 13:06:00+00:00,8.05,8.364505196333342
2023-01-26 13:08:00+00:00,6.968999999999999,7.800619988848501
2023-01-26 13:10:00+00:00,7.797000000000001,7.517397912464255
2023-01-26 13:12:00+00:00,7.337000000000001,7.601712552563453
2023-01-26 13:14:00+00:00,8.372,7.775692116198107
2023-01-26 13:16:00+00:00,7.428999999999999,7.8120187193768675
2023-01-26 13:18:00+00:00,7.797000000000001,7.747566310196018
2023-01-26 13:20:00+00:00,7.957999999999999,7.7756174382235885
2023-01-26 13:22:00+00:00,7.337000000000001,7.842296507803127
2023-01-26 13:24:00+00:00,8.855,8.178989401745318
2023-01-26 13:26:00+00:00,8.878,8.574155451241824
2023-01-26 13:28:00+00:00,8.418,8.528478377891691
2023-01-26 13:30:00+00:00,7.82,8.18014895653924
2023-01-26 13:32:00+00:00,7.82,7.875128517503361
2023-01-26 13:34:00+00:00,7.544,7.6898624134542235
2023-01-26 13:36:00+00:00,7.475,7.5979149952709735
2023-01-26 13:38:00+00:00,7.8660000000000005,7.611933994875147
2023-01-26 13:40:00+00:00,7.222,7.6468668816847645
2023-01-26 13:42:00+00:00,8.441,7.7606968635834885
2023-01-26 13:44:00+00:00,7.245,7.8107905477445305
2023-01-26 13:46:00+00:00,8.257,7.806705844153852
2023-01-26 13:48:00+00:00,7.521,7.839557486597397
2023-01-26 13:50:00+00:00,8.027000000000001,7.898666473842961
2023-01-26 13:52:00+00:00,8.28,8.060720293975317
2023-01-26 13:54:00+00:00,8.05,8.136368732021086
2023-01-26 13:56:00+00:00,8.28,8.065600913257512
2023-01-26 13:58:00+00:00,7.36,7.844131505216124
2023-01-26 14:00:00+00:00,7.82,7.621856583627762
2023-01-26 14:02:00+00:00,7.015,7.51042163940897
2023-01-26 14:04:00+00:00,8.073,7.561823403662814
2023-01-26 14:06:00+00:00,7.382999999999999,7.648619111414875
2023-01-26 14:08:00+00:00,7.8660000000000005,7.639432076673787
2023-01-26 14:10:00+00:00,7.382999999999999,7.59112787249306
2023-01-26 14:12:00+00:00,7.544,7.545923471002829
2023-01-26 14:14:00+00:00,7.682,7.590172830970001
2023-01-26 14:16:00+00:00,7.6129999999999995,7.648491998062983
2023-01-26 14:18:00+00:00,7.751,7.714044931821136
2023-01-26 14:20:00+00:00,7.957999999999999,7.778945621014561
2023-01-26 14:22:00+00:00,7.659,7.686938977266169
2023-01-26 14:24:00+00:00,6.968999999999999,7.464586873156826
2023-01-26 14:26:00+00:00,7.705,7.457270134151637
2023-01-26 14:28:00+00:00,7.774,7.6615142064836785
2023-01-26 14:30:00+00:00,7.935,7.7887882180034005
2023-01-26 14:32:00+00:00,7.59,7.781889100474347
2023-01-26 14:34:00+00:00,8.142000000000001,7.5921646205372
2023-01-26 14:36:00+00:00,6.279,6.760824991863984
2023-01-26 14:38:00+00:00,3.772,5.221770889217921
2023-01-26 14:40:00+00:00,3.772,3.6186885822175308
2023-01-26 14:42:00+00:00,0.0,1.9338185483085544
2023-01-26 14:44:00+00:00,0.0,0.5602676571184971
2023-01-26 14:46:00+00:00,0.0,0.069509749771769
2023-01-26 14:48:00+00:00,0.0,0.0033527282237412466
2023-01-26 14:50:00+00:00,0.0,6.069858532606667e-05
2023-01-26 14:52:00+00:00,0.0,4.072438369136441e-07
2023-01-26 14:54:00+00:00,0.0,1.0078754990263107e-09
2023-01-26 14:56:00+00:00,0.0,9.185338036606104e-13
2023-01-26 14:58:00+00:00,0.0,3.080684236472263e-16
2023-01-26 15:00:00+00:00,0.0,3.801397251069629e-20
2023-01-26 15:02:00+00:00,0.0,0.0
2023-01-26 15:04:00+00:00,0.0,0.0
2023-01-26 15:06:00+00:00,0.0,0.0
2023-01-26 15:08:00+00:00,0.0,0.0
2023-01-26 15:10:00+00:00,0.0,0.0
2023-01-26 15:12:00+00:00,0.0,0.0
2023-01-26 15:14:00+00:00,0.0,0.0
2023-01-26 15:16:00+00:00,0.0,0.0
2023-01-26 15:18:00+00:00,0.0,0.0
2023-01-26 15:20:00+00:00,0.0,0.0
2023-01-26 15:22:00+00:00,0.0,0.0
2023-01-26 15:24:00+00:00,0.0,0.0
2023-01-26 15:26:00+00:00,0.0,0.0
2023-01-26 15:28:00+00:00,0.0,0.0
2023-01-26 15:30:00+00:00,0.0,0.0
2023-01-26 15:32:00+00:00,0.0,0.0
2023-01-26 15:34:00+00:00,0.0,0.0
2023-01-26 15:36:00+00:00,0.0,0.0
2023-01-26 15:38:00+00:00,0.0,0.0
2023-01-26 15:40:00+00:00,0.0,0.0
2023-01-26 15:42:00+00:00,0.0,0.0
2023-01-26 15:44:00+00:00,0.0,0.0
2023-01-26 15:46:00+00:00,0.0,0.0
2023-01-26 15:48:00+00:00,0.0,0.0
2023-01-26 15:50:00+00:00,0.0,0.0
2023-01-26 15:52:00+00:00,0.0,0.0
2023-01-26 15:54:00+00:00,0.0,0.0
2023-01-26 15:56:00+00:00,0.0,0.0
2023-01-26 15:58:00+00:00,0.0,0.0
2023-01-26 16:00:00+00:00,0.0,0.0
2023-01-26 16:02:00+00:00,0.0,0.0
2023-01-26 16:04:00+00:00,0.0,0.0
2023-01-26 16:06:00+00:00,0.0,0.0
2023-01-26 16:08:00+00:00,0.0,0.0
2023-01-26 16:10:00+00:00,0.0,0.0
2023-01-26 16:12:00+00:00,0.0,0.0
2023-01-26 16:14:00+00:00,0.0,0.0
2023-01-26 16:16:00+00:00,0.0,0.0
2023-01-26 16:18:00+00:00,0.0,0.0
2023-01-26 16:20:00+00:00,0.0,0.0
2023-01-26 16:22:00+00:00,0.0,0.0
2023-01-26 16:24:00+00:00,0.0,0.0
2023-01-26 16:26:00+00:00,0.0,0.0
2023-01-26 16:28:00+00:00,0.0,0.0
2023-01-26 16:30:00+00:00,0.0,0.0
2023-01-26 16:32:00+00:00,0.0,0.0
2023-01-26 16:34:00+00:00,0.0,0.0
2023-01-26 16:36:00+00:00,0.0,0.0
2023-01-26 16:38:00+00:00,0.0,0.0
2023-01-26 16:40:00+00:00,0.0,0.0
2023-01-26 16:42:00+00:00,0.0,0.0
2023-01-26 16:44:00+00:00,0.0,0.0
2023-01-26 16:46:00+00:00,0.0,0.0
2023-01-26 16:48:00+00:00,0.0,0.0
2023-01-26 16:50:00+00:00,0.0,0.0
2023-01-26 16:52:00+00:00,0.0,0.0
2023-01-26 16:54:00+00:00,0.0,0.0
2023-01-26 16:56:00+00:00,0.0,0.0
2023-01-26 16:58:00+00:00,0.0,0.0
2023-01-26 17:00:00+00:00,0.0,0.0
2023-01-26 17:02:00+00:00,0.0,0.0
2023-01-26 17:04:00+00:00,0.0,0.0
2023-01-26 17:06:00+00:00,0.0,0.0
2023-01-26 17:08:00+00:00,0.0,0.0
2023-01-26 17:10:00+00:00,0.0,0.0
2023-01-26 17:12:00+00:00,0.0,0.0
2023-01-26 17:14:00+00:00,0.0,0.0
2023-01-26 17:16:00+00:00,0.0,0.0
2023-01-26 17:18:00+00:00,0.0,0.0
2023-01-26 17:20:00+00:00,0.0,0.0
2023-01-26 17:22:00+00:00,0.0,0.0
2023-01-26 17:24:00+00:00,0.0,0.0
2023-01-26 17:26:00+00:00,0.0,0.0
2023-01-26 17:28:00+00:00,0.0,0.0
2023-01-26 17:30:00+00:00,0.0,0.0
2023-01-26 17:32:00+00:00,0.0,0.0
2023-01-26 17:34:00+00:00,0.0,0.0
2023-01-26 17:36:00+00:00,0.0,0.0
2023-01-26 17:38:00+00:00,0.0,0.0
2023-01-26 17:40:00+00:00,0.0,0.0
2023-01-26 17:42:00+00:00,0.0,0.0
2023-01-26 17:44:00+00:00,0.0,0.0
2023-01-26 17:46:00+00:00,0.0,0.0
2023-01-26 17:48:00+00:00,0.0,0.0
2023-01-26 17:50:00+00:00,0.0,0.0
2023-01-26 17:52:00+00:00,0.0,0.0
2023-01-26 17:54:00+00:00,0.0,0.0
2023-01-26 17:56:00+00:00,0.0,0.0
2023-01-26 17:58:00+00:00,0.0,0.0
2023-01-26 18:00:00+00:00,0.0,0.0
2023-01-26 18:02:00+00:00,0.0,0.0
2023-01-26 18:04:00+00:00,0.0,0.0
2023-01-26 18:06:00+00:00,0.0,0.0
2023-01-26 18:08:00+00:00,0.0,0.0
2023-01-26 18:10:00+00:00,0.0,0.0
2023-01-26 18:12:00+00:00,0.0,0.0
2023-01-26 18:14:00+00:00,0.0,0.0
2023-01-26 18:16:00+00:00,0.0,0.0
2023-01-26 18:18:00+00:00,0.0,0.0
2023-01-26 18:20:00+00:00,0.0,0.0
2023-01-26 18:22:00+00:00,0.0,0.0
2023-01-26 18:24:00+00:00,0.0,0.0
2023-01-26 18:26:00+00:00,0.0,0.0
2023-01-26 18:28:00+00:00,0.0,0.0
2023-01-26 18:30:00+00:00,0.0,0.0
2023-01-26 18:32:00+00:00,0.0,0.0
2023-01-26 18:34:00+00:00,0.0,0.0
2023-01-26 18:36:00+00:00,0.0,0.0
2023-01-26 18:38:00+00:00,0.0,0.0
2023-01-26 18:40:00+00:00,0.0,0.0
2023-01-26 18:42:00+00:00,0.0,0.0
2023-01-26 18:44:00+00:00,0.0,0.0
2023-01-26 18:46:00+00:00,0.0,0.0
2023-01-26 18:48:00+00:00,0.0,0.0
2023-01-26 18:50:00+00:00,0.0,0.0
2023-01-26 18:52:00+00:00,0.0,0.0
2023-01-26 18:54:00+00:00,0.0,0.0
2023-01-26 18:56:00+00:00,0.0,0.0
2023-01-26 18:58:00+00:00,0.0,0.0
2023-01-26 19:00:00+00:00,0.0,0.0
2023-01-26 19:02:00+00:00,0.0,0.0
2023-01-26 19:04:00+00:00,0.0,0.0
2023-01-26 19:06:00+00:00,0.0,0.0
2023-01-26 19:08:00+00:00,0.0,0.0
2023-01-26 19:10:00+00:00,0.0,0.0
2023-01-26 19:12:00+00:00,0.0,0.0
2023-01-26 19:14:00+00:00,0.0,0.0
2023-01-26 19:16:00+00:00,0.0,0.0
2023-01-26 19:18:00+00:00,0.0,0.0
2023-01-26 19:20:00+00:00,0.0,0.0
2023-01-26 19:22:00+00:00,0.0,0.0
2023-01-26 19:24:00+00:00,0.0,0.0
2023-01-26 19:26:00+00:00,0.0,0.0
2023-01-26 19:28:00+00:00,0.0,0.0
2023-01-26 19:30:00+00:00,0.0,0.0
2023-01-26 19:32:00+00:00,0.0,0.0
2023-01-26 19:34:00+00:00,0.0,0.0
2023-01-26 19:36:00+00:00,0.0,0.0
2023-01-26 19:38:00+00:00,0.0,0.0
2023-01-26 19:40:00+00:00,0.0,0.0
2023-01-26 19:42:00+00:00,0.0,0.0
2023-01-26 19:44:00+00:00,0.0,0.0
2023-01-26 19:46:00+00:00,0.0,0.0
2023-01-26 19:48:00+00:00,0.0,0.0
2023-01-26 19:50:00+00:00,0.0,0.0
2023-01-26 19:52:00+00:00,0.0,0.0
2023-01-26 19:54:00+00:00,0.0,0.0
2023-01-26 19:56:00+00:00,0.0,0.0
2023-01-26 19:58:00+00:00,0.0,0.0
2023-01-26 20:00:00+00:00,0.0,0.0
2023-01-26 20:02:00+00:00,0.0,0.0
2023-01-26 20:04:00+00:00,0.0,0.0
2023-01-26 20:06:00+00:00,0.0,0.0
2023-01-26 20:08:00+00:00,0.0,0.0
2023-01-26 20:10:00+00:00,0.0,0.0
2023-01-26 20:12:00+00:00,0.0,0.0
2023-01-26 20:14:00+00:00,0.0,0.0
2023-01-26 20:16:00+00:00,0.0,0.0
2023-01-26 20:18:00+00:00,0.0,0.0
2023-01-26 20:20:00+00:00,0.0,0.0
2023-01-26 20:22:00+00:00,0.0,0.0
2023-01-26 20:24:00+00:00,0.0,0.0
2023-01-26 20:26:00+00:00,0.0,0.0
2023-01-26 20:28:00+00:00,0.0,0.0
2023-01-26 20:30:00+00:00,0.0,0.0
2023-01-26 20:32:00+00:00,0.0,0.0
2023-01-26 20:34:00+00:00,0.0,0.0
2023-01-26 20:36:00+00:00,0.0,0.0
2023-01-26 20:38:00+00:00,0.0,0.0
2023-01-26 20:40:00+00:00,0.0,0.0
2023-01-26 20:42:00+00:00,0.0,0.0
2023-01-26 20:44:00+00:00,0.0,0.0
2023-01-26 20:46:00+00:00,0.0,0.0
2023-01-26 20:48:00+00:00,0.0,0.0
2023-01-26 20:50:00+00:00,0.0,0.0
2023-01-26 20:52:00+00:00,0.0,0.0
2023-01-26 20:54:00+00:00,0.0,0.0
2023-01-26 20:56:00+00:00,0.0,0.0
2023-01-26 20:58:00+00:00,0.0,0.0
2023-01-26 21:00:00+00:00,0.0,0.0
2023-01-26 21:02:00+00:00,0.0,0.0
2023-01-26 21:04:00+00:00,0.0,0.0
2023-01-26 21:06:00+00:00,0.0,0.0
2023-01-26 21:08:00+00:00,0.0,0.0
2023-01-26 21:10:00+00:00,0.0,0.0
2023-01-26 21:12:00+00:00,0.0,0.0
2023-01-26 21:14:00+00:00,0.0,0.0
2023-01-26 21:16:00+00:00,0.0,0.0
2023-01-26 21:18:00+00:00,0.0,0.0
2023-01-26 21:20:00+00:00,0.0,0.0
2023-01-26 21:22:00+00:00,0.0,0.0
2023-01-26 21:24:00+00:00,0.0,0.0
2023-01-26 21:26:00+00:00,0.0,0.0
2023-01-26 21:28:00+00:00,0.0,0.0
2023-01-26 21:30:00+00:00,0.0,0.0
2023-01-26 21:32:00+00:00,0.0,0.0
2023-01-26 21:34:00+00:00,0.0,0.0
2023-01-26 21:36:00+00:00,0.0,0.0
2023-01-26 21:38:00+00:00,0.0,0.0
2023-01-26 21:40:00+00:00,0.0,0.0
2023-01-26 21:42:00+00:00,0.0,0.0
2023-01-26 21:44:00+00:00,0.0,0.0
2023-01-26 21:46:00+00:00,0.0,0.0
2023-01-26 21:48:00+00:00,0.0,0.0
2023-01-26 21:50:00+00:00,0.0,0.0
2023-01-26 21:52:00+00:00,0.0,0.0
2023-01-26 21:54:00+00:00,0.0,0.0
2023-01-26 21:56:00+00:00,0.0,0.0
2023-01-26 21:58:00+00:00,0.0,0.0
2023-01-26 22:00:00+00:00,0.0,0.0
2023-01-26 22:02:00+00:00,0.0,0.0
2023-01-26 22:04:00+00:00,0.0,0.0
2023-01-26 22:06:00+00:00,0.0,0.0
2023-01-26 22:08:00+00:00,0.0,0.0
2023-01-26 22:10:00+00:00,0.0,0.0
2023-01-26 22:12:00+00:00,0.0,0.0
2023-01-26 22:14:00+00:00,0.0,0.0
2023-01-26 22:16:00+00:00,0.0,0.0
2023-01-26 22:18:00+00:00,0.0,0.0
2023-01-26 22:20:00+00:00,0.0,0.0
2023-01-26 22:22:00+00:00,0.0,0.0
2023-01-26 22:24:00+00:00,0.0,0.0
2023-01-26 22:26:00+00:00,0.0,0.0
2023-01-26 22:28:00+00:00,0.0,0.0
2023-01-26 22:30:00+00:00,0.0,0.0
2023-01-26 22:32:00+00:00,0.0,0.0
2023-01-26 22:34:00+00:00,0.0,0.0
2023-01-26 22:36:00+00:00,0.0,0.0
2023-01-26 22:38:00+00:00,0.0,0.0
2023-01-26 22:40:00+00:00,0.0,0.0
2023-01-26 22:42:00+00:00,0.0,0.0
2023-01-26 22:44:00+00:00,0.0,0.0
2023-01-26 22:46:00+00:00,0.0,0.0
2023-01-26 22:48:00+00:00,0.0,0.0
2023-01-26 22:50:00+00:00,0.0,0.0
2023-01-26 22:52:00+00:00,0.0,0.0
2023-01-26 22:54:00+00:00,0.0,0.0
2023-01-26 22:56:00+00:00,0.0,0.0
2023-01-26 22:58:00+00:00,0.0,0.0
2023-01-26 23:00:00+00:00,0.0,0.0
2023-01-26 23:02:00+00:00,0.0,0.0
2023-01-26 23:04:00+00:00,0.0,0.0
2023-01-26 23:06:00+00:00,0.0,0.0
2023-01-26 23:08:00+00:00,0.0,0.0
2023-01-26 23:10:00+00:00,0.0,0.0
2023-01-26 23:12:00+00:00,0.0,0.0
2023-01-26 23:14:00+00:00,0.0,0.0
2023-01-26 23:16:00+00:00,0.0,0.0
2023-01-26 23:18:00+00:00,0.0,0.0
2023-01-26 23:20:00+00:00,0.0,0.0
2023-01-26 23:22:00+00:00,0.0,0.0
2023-01-26 23:24:00+00:00,0.0,0.0
2023-01-26 23:26:00+00:00,0.0,0.0
2023-01-26 23:28:00+00:00,0.0,0.0
2023-01-26 23:30:00+00:00,0.0,0.0
2023-01-26 23:32:00+00:00,0.0,0.0
2023-01-26 23:34:00+00:00,0.0,0.0
2023-01-26 23:36:00+00:00,0.0,0.0
2023-01-26 23:38:00+00:00,0.0,0.0
2023-01-26 23:40:00+00:00,0.0,0.0
